obdobie,hyp_sazba,hyp_objem,spotr_sazba,spotr_objem,repo_sazba,vklady_domacnosti
2004-01-31,5.07,3344.2,14.53,1582.8,2.0,1016723.1
2004-02-29,5.08,3515.0,14.96,1910.4,2.0,1024338.1
2004-03-31,4.9,4217.4,15.03,2456.7,2.0,1019815.1
2004-04-30,4.81,4760.9,14.5,2727.2,2.0,1038265.0
2004-05-31,4.67,4922.4,14.69,2552.4,2.0,1038598.7
2004-06-30,4.71,5125.7,14.95,2469.1,2.25,1042775.3
2004-07-31,4.93,4503.8,14.9,2233.9,2.25,1046610.7
2004-08-31,4.98,4122.7,15.23,2378.1,2.5,1055150.4
2004-09-30,5.09,4374.9,14.52,2773.4,2.5,1056982.5
2004-10-31,5.0,4219.5,14.37,3130.7,2.5,1056189.2
2004-11-30,4.95,4166.5,13.9,3547.0,2.5,1056541.9
2004-12-31,4.84,4635.7,14.42,2783.1,2.5,1064086.6
2005-01-31,4.76,3961.3,14.7,1988.4,2.25,1076669.0
2005-02-28,4.62,2981.7,13.72,2388.2,2.25,1080269.8
2005-03-31,4.34,3659.3,13.07,3567.2,2.25,1078621.3
2005-04-30,4.26,3789.7,11.9,4336.8,1.75,1096124.3
2005-05-31,4.11,4529.8,11.23,5226.9,1.75,1099384.2
2005-06-30,3.94,5239.2,13.58,3218.2,1.75,1097085.7
2005-07-31,3.89,4190.2,13.44,2660.6,1.75,1099873.5
2005-08-31,3.88,5476.3,13.1,3320.1,1.75,1101451.1
2005-09-30,3.84,5411.6,13.43,2985.7,1.75,1100343.6
2005-10-31,3.85,5027.3,13.04,3932.5,2.0,1102975.6
2005-11-30,3.89,6416.3,12.7,5610.0,2.0,1105951.3
2005-12-31,4.12,5914.7,12.52,3704.2,2.0,1122256.6
2006-01-31,4.25,4265.1,12.92,2692.3,2.0,1134595.1
2006-02-28,4.27,4581.8,12.8,2817.7,2.0,1139297.1
2006-03-31,4.31,7232.2,12.56,4321.3,2.0,1141676.0
2006-04-30,4.34,6007.7,12.61,3743.3,2.0,1166087.4
2006-05-31,4.2,7860.2,12.43,4804.6,2.0,1169678.6
2006-06-30,4.14,10570.8,12.59,4715.1,2.0,1175031.1
2006-07-31,4.23,6803.1,12.71,3473.2,2.25,1182178.2
2006-08-31,4.34,8267.5,12.42,3900.9,2.25,1188135.0
2006-09-30,4.33,9128.5,12.4,4126.2,2.5,1196469.2
2006-10-31,4.43,8681.2,12.71,5454.3,2.5,1200271.1
2006-11-30,4.46,8779.8,12.81,5992.2,2.5,1206521.6
2006-12-31,4.48,10234.3,12.86,5082.1,2.5,1223638.9
2007-01-31,4.46,7282.7,13.05,3820.5,2.5,1243441.0
2007-02-28,4.46,7010.7,12.14,4445.9,2.5,1258829.6
2007-03-31,4.37,10373.4,11.95,5759.0,2.5,1260504.4
2007-04-30,4.37,10471.1,11.63,6152.3,2.5,1291669.0
2007-05-31,4.39,12387.9,11.81,6410.8,2.5,1301328.7
2007-06-30,4.54,15009.4,12.0,5787.1,2.75,1311195.5
2007-07-31,4.73,9170.8,12.17,5304.6,3.0,1318859.7
2007-08-31,4.92,11013.9,12.53,5534.4,3.25,1323879.5
2007-09-30,5.09,9147.0,12.45,4922.9,3.25,1328210.7
2007-10-31,5.21,10248.1,12.65,6483.5,3.25,1329853.2
2007-11-30,5.27,10290.8,13.0,6888.5,3.5,1339171.0
2007-12-31,5.3,12259.4,12.94,5188.8,3.5,1347687.9
2008-01-31,5.49,7142.5,13.33,4812.9,3.5,1367720.7
2008-02-29,5.49,7150.4,13.02,5392.6,3.75,1382518.2
2008-03-31,5.52,8407.6,13.42,6497.0,3.75,1384759.2
2008-04-30,5.51,10021.1,13.4,7713.7,3.75,1419687.2
2008-05-31,5.53,9031.0,13.41,6958.0,3.75,1432551.4
2008-06-30,5.54,10344.7,13.18,6733.1,3.75,1431709.9
2008-07-31,5.58,10458.3,13.53,6565.8,3.75,1446379.5
2008-08-31,5.75,8199.2,13.48,5701.6,3.5,1462494.8
2008-09-30,5.74,8929.6,13.53,6704.6,3.5,1467259.9
2008-10-31,5.68,8542.0,13.68,7253.9,3.5,1456755.0
2008-11-30,5.68,7459.1,13.79,6268.9,2.75,1476422.3
2008-12-31,5.69,8347.2,13.36,5378.4,2.25,1504973.4
2009-01-31,5.75,5093.9,13.98,4430.4,2.25,1537393.1
2009-02-28,5.77,5356.0,14.05,4955.6,1.75,1557378.1
2009-03-31,5.68,7095.6,13.89,7146.4,1.75,1561615.3
2009-04-30,5.68,7068.3,13.71,6245.9,1.75,1585578.0
2009-05-31,5.71,6269.3,13.65,5635.8,1.5,1588367.1
2009-06-30,5.71,8099.6,13.59,6404.0,1.5,1579941.3
2009-07-31,5.75,6846.5,13.97,5702.0,1.5,1581969.7
2009-08-31,5.73,6399.0,13.98,5055.7,1.25,1586048.9
2009-09-30,5.71,7124.8,14.08,5210.9,1.25,1584915.2
2009-10-31,5.69,6638.3,14.53,5093.7,1.25,1589388.4
2009-11-30,5.67,6858.7,14.48,5071.7,1.25,1592651.1
2009-12-31,5.66,7652.3,14.29,4574.8,1.0,1616026.4
2010-01-31,5.52,4074.5,14.55,3323.7,1.0,1632250.6
2010-02-28,5.47,4475.1,14.66,4130.3,1.0,1643137.4
2010-03-31,5.4,7107.7,14.73,4925.2,1.0,1637272.0
2010-04-30,5.3,6450.6,14.42,3783.6,1.0,1660567.6
2010-05-31,5.13,7368.1,14.02,4342.9,0.75,1661448.1
2010-06-30,5.01,7755.8,14.44,4132.1,0.75,1662248.2
2010-07-31,4.91,6720.8,14.44,3476.6,0.75,1661033.7
2010-08-31,4.87,6644.1,14.67,4239.5,0.75,1663151.8
2010-09-30,4.65,7644.4,14.66,4194.7,0.75,1661322.4
2010-10-31,4.56,6913.3,14.52,4317.4,0.75,1662368.4
2010-11-30,4.47,7354.7,14.66,4404.8,0.75,1664947.3
2010-12-31,4.4,8720.6,14.05,3890.1,0.75,1694743.9
2011-01-31,4.37,5983.8,14.31,3044.8,0.75,1705208.6
2011-02-28,4.4,5708.9,14.51,3549.2,0.75,1710681.9
2011-03-31,4.32,9143.0,14.24,4684.4,0.75,1718865.0
2011-04-30,4.32,9010.1,13.94,4048.0,0.75,1738039.1
2011-05-31,4.24,10517.0,13.83,4794.1,0.75,1744287.1
2011-06-30,4.23,10146.2,13.77,4488.0,0.75,1746182.8
2011-07-31,4.2,8601.2,13.7,3788.8,0.75,1749491.1
2011-08-31,4.19,9241.8,13.76,4696.3,0.75,1752081.2
2011-09-30,4.04,9418.1,13.79,4425.6,0.75,1762798.3
2011-10-31,3.91,9429.1,13.98,4631.4,0.75,1743329.2
2011-11-30,3.76,11012.4,13.86,4989.5,0.75,1754205.3
2011-12-31,3.72,12915.0,13.58,4159.3,0.75,1777293.9
2012-01-31,3.72,9055.3,14.02,3624.2,0.75,1793311.7
2012-02-29,3.73,8985.5,14.21,3821.5,0.75,1803254.0
2012-03-31,3.75,10362.0,14.0,4943.1,0.75,1802234.8
2012-04-30,3.81,9815.7,14.22,4353.8,0.75,1818142.5
2012-05-31,3.76,10878.8,14.14,4748.4,0.75,1815433.2
2012-06-30,3.71,11473.0,14.09,4864.0,0.5,1816526.7
2012-07-31,3.65,9003.5,14.45,4306.1,0.5,1818819.1
2012-08-31,3.61,10172.1,14.53,4707.0,0.5,1827028.1
2012-09-30,3.59,9494.8,14.14,4015.7,0.5,1829668.8
2012-10-31,3.48,10291.9,14.06,4488.2,0.25,1830995.4
2012-11-30,3.34,11309.3,14.69,5476.7,0.05,1823959.9
2012-12-31,3.28,13289.3,14.59,4259.6,0.05,1846816.3
2013-01-31,3.35,8432.8,14.66,4089.2,0.05,1867719.9
2013-02-28,3.38,8405.7,15.11,4465.9,0.05,1876069.2
2013-03-31,3.28,11963.7,14.89,5545.5,0.05,1878972.8
2013-04-30,3.21,12262.0,14.63,6207.8,0.05,1888875.1
2013-05-31,3.13,15955.4,14.51,6441.8,0.05,1873572.7
2013-06-30,3.06,15125.7,14.0,5808.5,0.05,1875519.7
2013-07-31,3.12,13716.6,14.1,6038.0,0.05,1872884.9
2013-08-31,3.14,12382.8,14.05,5763.7,0.05,1876738.6
2013-09-30,3.1,13302.2,14.02,5852.7,0.05,1873117.7
2013-10-31,3.17,13949.6,14.13,6327.0,0.05,1877560.8
2013-11-30,3.16,12373.7,14.39,6590.2,0.05,1875785.3
2013-12-31,3.15,13508.7,14.05,5348.5,0.05,1883046.8
2014-01-31,3.29,9576.2,14.06,5353.7,0.05,1904088.3
2014-02-28,3.23,11617.1,14.18,5980.7,0.05,1915101.4
2014-03-31,3.1,16074.8,14.26,6681.2,0.05,1911145.8
2014-04-30,3.05,15005.4,14.5,6139.2,0.05,1929993.7
2014-05-31,3.0,16089.7,14.22,6267.7,0.05,1932902.9
2014-06-30,2.95,17021.4,14.07,6609.5,0.05,1934977.0
2014-07-31,2.9,15789.7,14.15,6390.1,0.05,1939069.2
2014-08-31,2.87,13540.3,14.01,5553.6,0.05,1942614.3
2014-09-30,2.77,16472.0,13.79,6283.7,0.05,1942952.7
2014-10-31,2.75,15905.9,13.81,6625.6,0.05,1934447.2
2014-11-30,2.66,14045.1,14.07,6550.1,0.05,1943174.8
2014-12-31,2.57,16366.4,14.01,5972.4,0.05,1976345.0
2015-01-31,2.65,12833.7,13.27,5639.6,0.05,1993689.7
2015-02-28,2.51,13492.4,13.23,5872.4,0.05,1998442.6
2015-03-31,2.38,18548.9,13.1,6941.7,0.05,1997458.3
2015-04-30,2.37,18234.3,12.89,6577.9,0.05,2021507.0
2015-05-31,2.3,18289.0,12.58,6645.4,0.05,2023893.7
2015-06-30,2.25,21418.4,12.56,7484.5,0.05,2018383.5
2015-07-31,2.3,20080.2,12.58,6742.7,0.05,2025319.4
2015-08-31,2.29,18552.8,12.61,5964.5,0.05,2028980.2
2015-09-30,2.3,18772.1,12.11,6966.4,0.05,2037803.8
2015-10-31,2.32,17990.9,12.22,7008.1,0.05,2043222.1
2015-11-30,2.28,19147.9,12.04,7961.7,0.05,2050375.7
2015-12-31,2.22,20447.8,11.69,7551.7,0.05,2088286.5
2016-01-31,2.3,13740.5,11.75,6627.3,0.05,2106991.2
2016-02-29,2.25,16991.9,11.44,8616.4,0.05,2119061.8
2016-03-31,2.16,22288.4,11.03,8797.3,0.05,2121695.4
2016-04-30,2.17,20323.9,10.95,8884.7,0.05,2150585.5
2016-05-31,2.12,23595.0,10.72,9715.5,0.05,2147057.3
2016-06-30,2.07,28450.1,10.68,9516.2,0.05,2164591.4
2016-07-31,2.1,21648.8,10.8,7844.2,0.05,2180025.8
2016-08-31,2.03,25089.3,10.62,9166.8,0.05,2185191.4
2016-09-30,2.0,25363.8,10.47,8754.9,0.05,2190915.2
2016-10-31,2.0,25279.6,10.4,8779.1,0.05,2195270.9
2016-11-30,1.91,34634.9,10.17,10070.0,0.05,2222756.7
2016-12-31,1.96,23321.5,10.08,7914.4,0.05,2265314.3
2017-01-31,2.06,24023.6,10.33,7779.9,0.05,2287268.0
2017-02-28,2.02,23524.3,9.65,9064.1,0.05,2306550.4
2017-03-31,2.06,27014.1,9.42,11134.0,0.05,2321299.0
2017-04-30,2.09,23465.6,9.27,9171.6,0.05,2348973.2
2017-05-31,2.1,27582.9,9.38,11350.8,0.05,2351340.9
2017-06-30,2.11,28303.9,9.32,10791.5,0.05,2359522.4
2017-07-31,2.11,19207.0,9.46,9210.7,0.05,2362097.1
2017-08-31,2.1,23374.6,9.42,10232.0,0.25,2373940.9
2017-09-30,2.12,22351.6,9.29,9372.0,0.25,2383005.3
2017-10-31,2.17,23504.0,9.01,10548.8,0.25,2382912.0
2017-11-30,2.19,26504.6,8.73,11134.4,0.5,2389185.0
2017-12-31,2.22,26181.4,8.7,8323.0,0.5,2424581.1
2018-01-31,2.3,24647.7,8.85,9047.0,0.5,2437688.3
2018-02-28,2.32,21837.9,8.74,8895.7,0.75,2456737.9
2018-03-31,2.41,26352.0,8.47,10113.6,0.75,2466315.6
2018-04-30,2.44,24487.2,8.57,10052.2,0.75,2491598.8
2018-05-31,2.43,25585.6,8.49,11385.5,0.75,2506300.0
2018-06-30,2.43,27138.2,8.55,10384.5,1.0,2522821.4
2018-07-31,2.45,22196.1,8.72,9177.0,1.0,2531899.6
2018-08-31,2.49,26351.0,8.47,9874.4,1.25,2548066.8
2018-09-30,2.54,27642.2,8.53,8762.8,1.5,2554105.0
2018-10-31,2.61,30421.0,8.44,10564.2,1.5,2564274.9
2018-11-30,2.68,27308.0,8.56,10367.4,1.75,2582499.0
2018-12-31,2.79,20477.3,8.63,7742.0,1.75,2608875.5
2019-01-31,2.79,20401.7,8.48,9462.0,1.75,2623269.7
2019-02-28,2.82,18776.5,8.45,9843.4,1.75,2643943.7
2019-03-31,2.8,22746.9,8.39,10983.7,1.75,2652051.0
2019-04-30,2.76,21693.6,8.36,10953.9,1.75,2675450.4
2019-05-31,2.75,23906.6,8.3,11390.1,2.0,2686282.9
2019-06-30,2.71,23367.4,8.37,10534.7,2.0,2696972.0
2019-07-31,2.65,22625.8,8.6,10739.3,2.0,2711410.7
2019-08-31,2.61,21830.5,8.46,10308.0,2.0,2729223.6
2019-09-30,2.49,22558.2,8.44,10157.5,2.0,2734429.6
2019-10-31,2.42,25795.1,8.35,11256.9,2.0,2738728.2
2019-11-30,2.38,26542.0,8.34,12141.3,2.0,2752994.5
2019-12-31,2.35,24268.1,8.28,8779.9,2.0,2776024.0
2020-01-31,2.38,25372.0,8.2,10524.7,2.0,2802873.8
2020-02-29,2.43,26260.5,8.05,11498.6,2.25,2823489.0
2020-03-31,2.42,31318.3,8.15,13160.1,1.0,2857412.1
2020-04-30,2.37,73820.1,8.04,19846.0,1.0,2916953.6
2020-05-31,2.39,79194.9,7.44,17559.3,0.25,2940484.3
2020-06-30,2.3,44017.9,8.01,12270.7,0.25,2963488.5
2020-07-31,2.23,38429.3,8.11,11474.1,0.25,2985988.8
2020-08-31,2.17,32353.7,8.12,10617.3,0.25,2999531.6
2020-09-30,2.12,33392.4,7.97,10137.5,0.25,3022689.4
2020-10-31,2.08,37736.8,7.87,9971.2,0.25,3044789.4
2020-11-30,2.04,40204.7,7.88,10823.3,0.25,3065041.1
2020-12-31,2.01,41471.2,7.72,8864.0,0.25,3113963.4
2021-01-31,1.99,38144.4,7.83,9213.0,0.25,3156303.3
2021-02-28,1.99,42496.3,7.5,10526.0,0.25,3198661.9
2021-03-31,1.98,60046.4,6.97,11845.9,0.25,3231505.8
2021-04-30,2.01,54995.5,7.48,10549.2,0.25,3279513.2
2021-05-31,2.06,56707.6,7.36,12628.8,0.25,3288084.8
2021-06-30,2.12,61925.1,7.31,13221.4,0.5,3296010.9
2021-07-31,2.2,50251.0,7.53,12294.4,0.5,3314300.4
2021-08-31,2.27,49467.9,7.67,12280.3,0.75,3325134.0
2021-09-30,2.37,45972.7,7.59,12524.8,0.75,3325358.9
2021-10-31,2.48,46483.3,7.45,13069.0,1.5,3323594.1
2021-11-30,2.63,53042.9,7.68,13484.1,2.75,3321652.3
2021-12-31,2.85,51712.0,7.91,11241.8,3.75,3327623.8
2022-01-31,3.16,37156.4,7.99,12068.7,3.75,3350318.1
2022-02-28,3.46,32464.2,7.96,12186.5,4.5,3372401.1
2022-03-31,3.73,37623.8,8.2,13334.5,4.5,3349646.4
2022-04-30,3.86,25958.3,8.29,12235.9,5.0,3383225.6
2022-05-31,4.04,30067.7,8.64,13934.6,5.75,3391491.3
2022-06-30,4.26,28281.8,8.84,13342.0,7.0,3399266.3
2022-07-31,4.53,18848.6,9.42,11105.4,7.0,3411793.9
2022-08-31,4.55,17955.2,9.72,11319.0,7.0,3403099.3
2022-09-30,4.64,13429.9,9.7,10680.9,7.0,3422226.8
2022-10-31,4.63,14940.2,9.69,10944.0,7.0,3422841.2
2022-11-30,4.61,15545.7,9.63,12371.0,7.0,3428527.4
2022-12-31,4.68,15563.6,9.66,9925.6,7.0,3467351.0
2023-01-31,4.86,18367.7,9.72,11651.3,7.0,3484857.1
2023-02-28,5.02,19070.4,9.54,11981.6,7.0,3511875.9
2023-03-31,5.15,25474.8,9.45,13882.8,7.0,3526476.1
2023-04-30,5.27,23152.9,9.43,12335.0,7.0,3564379.3
2023-05-31,5.28,26426.8,9.48,14792.1,7.0,3572883.5
2023-06-30,5.35,27681.3,9.46,14624.0,7.0,3599440.1
2023-07-31,5.35,23632.1,9.57,13338.4,7.0,3617857.9
2023-08-31,5.36,26622.7,9.57,14398.8,7.0,3639369.5
2023-09-30,5.37,26638.7,9.5,13723.4,7.0,3661137.7
2023-10-31,5.31,30262.6,9.37,15667.2,7.0,3670728.8
2023-11-30,5.31,30566.7,9.27,15763.8,7.0,3681613.0
2023-12-31,5.31,26234.3,9.29,12183.2,6.75,3726637.4
2024-01-31,5.12,24440.6,9.23,15141.4,6.75,3777069.5
2024-02-29,5.08,26194.2,8.97,16590.3,6.25,3809420.0
2024-03-31,5.05,31176.7,8.83,18076.1,5.75,3815937.3
2024-04-30,4.93,35512.2,8.71,19482.7,5.75,3856616.8
2024-05-31,4.9,40375.3,8.86,18872.8,5.25,3874045.7
2024-06-30,4.92,40984.5,8.9,17784.2,4.75,3895617.6
2024-07-31,4.95,42367.5,9.02,18951.0,4.75,3909730.1
2024-08-31,4.93,55860.3,8.81,18741.1,4.5,3921402.5
2024-09-30,4.86,45863.8,8.7,18532.2,4.25,3930487.6
2024-10-31,4.77,44121.8,8.53,20538.6,4.25,3945094.0
2024-11-30,4.69,45454.9,8.51,21046.6,4.0,3952328.4
2024-12-31,4.63,40888.1,8.63,16461.5,4.0,3990669.5
2025-01-31,4.71,40849.0,8.63,18540.9,4.0,4026097.1
2025-02-28,4.68,44809.1,8.28,19562.9,3.75,4048643.1
2025-03-31,4.68,54095.0,8.16,22334.4,3.75,4044959.4
2025-04-30,4.66,57565.5,8.15,21739.2,3.75,4073811.0
2025-05-31,4.61,59514.3,8.16,22320.8,3.5,4087169.8
2025-06-30,4.6,60129.4,8.04,20906.5,3.5,4087850.4
2025-07-31,4.55,63145.7,7.98,23049.8,3.5,4114249.0
2025-08-31,4.55,55995.8,7.96,20711.1,3.5,4129674.6
2025-09-30,4.54,63077.2,7.98,21901.2,3.5,4128518.2
2025-10-31,4.5,65403.5,7.87,23344.9,3.5,4139536.4
2025-11-30,4.49,63544.4,7.91,21975.5,3.5,4147521.4
2025-12-31,4.5,63157.5,7.94,19242.3,3.5,4193689.9
2026-01-31,4.47,61827.8,7.97,20966.3,3.5,4236467.3
2026-02-28,4.47,69830.3,7.34,23924.2,3.5,4266179.9
2026-03-31,4.45,94615.0,7.11,30008.0,3.5,4266682.9
2026-04-30,4.51,99833.5,7.01,28496.6,3.5,4312223.4
2026-05-31,4.59,87031.9,7.8,24262.9,3.5,4327773.2
2026-06-30,4.65,83636.0,7.91,25212.1,3.75,4311232.7
