Ukazatel;2026-06-30;2026-05-31;2026-04-30;2026-03-31;2026-02-28;2026-01-31;2025-12-31;2025-11-30;2025-10-31;2025-09-30;2025-08-31;2025-07-31;2025-06-30;2025-05-31;2025-04-30;2025-03-31;2025-02-28;2025-01-31;2024-12-31;2024-11-30;2024-10-31;2024-09-30;2024-08-31;2024-07-31;2024-06-30;2024-05-31;2024-04-30;2024-03-31;2024-02-29;2024-01-31;2023-12-31;2023-11-30;2023-10-31;2023-09-30;2023-08-31;2023-07-31;2023-06-30;2023-05-31;2023-04-30;2023-03-31;2023-02-28;2023-01-31;2022-12-31;2022-11-30;2022-10-31;2022-09-30;2022-08-31;2022-07-31;2022-06-30;2022-05-31;2022-04-30;2022-03-31;2022-02-28;2022-01-31;2021-12-31;2021-11-30;2021-10-31;2021-09-30;2021-08-31;2021-07-31;2021-06-30;2021-05-31;2021-04-30;2021-03-31;2021-02-28;2021-01-31;2020-12-31;2020-11-30;2020-10-31;2020-09-30;2020-08-31;2020-07-31;2020-06-30;2020-05-31;2020-04-30;2020-03-31;2020-02-29;2020-01-31;2019-12-31;2019-11-30;2019-10-31;2019-09-30;2019-08-31;2019-07-31;2019-06-30;2019-05-31;2019-04-30;2019-03-31;2019-02-28;2019-01-31;2018-12-31;2018-11-30;2018-10-31;2018-09-30;2018-08-31;2018-07-31;2018-06-30;2018-05-31;2018-04-30;2018-03-31;2018-02-28;2018-01-31;2017-12-31;2017-11-30;2017-10-31;2017-09-30;2017-08-31;2017-07-31;2017-06-30;2017-05-31;2017-04-30;2017-03-31;2017-02-28;2017-01-31;2016-12-31;2016-11-30;2016-10-31;2016-09-30;2016-08-31;2016-07-31;2016-06-30;2016-05-31;2016-04-30;2016-03-31;2016-02-29;2016-01-31;2015-12-31;2015-11-30;2015-10-31;2015-09-30;2015-08-31;2015-07-31;2015-06-30;2015-05-31;2015-04-30;2015-03-31;2015-02-28;2015-01-31;2014-12-31;2014-11-30;2014-10-31;2014-09-30;2014-08-31;2014-07-31;2014-06-30;2014-05-31;2014-04-30;2014-03-31;2014-02-28;2014-01-31;2013-12-31;2013-11-30;2013-10-31;2013-09-30;2013-08-31;2013-07-31;2013-06-30;2013-05-31;2013-04-30;2013-03-31;2013-02-28;2013-01-31;2012-12-31;2012-11-30;2012-10-31;2012-09-30;2012-08-31;2012-07-31;2012-06-30;2012-05-31;2012-04-30;2012-03-31;2012-02-29;2012-01-31;2011-12-31;2011-11-30;2011-10-31;2011-09-30;2011-08-31;2011-07-31;2011-06-30;2011-05-31;2011-04-30;2011-03-31;2011-02-28;2011-01-31;2010-12-31;2010-11-30;2010-10-31;2010-09-30;2010-08-31;2010-07-31;2010-06-30;2010-05-31;2010-04-30;2010-03-31;2010-02-28;2010-01-31;2009-12-31;2009-11-30;2009-10-31;2009-09-30;2009-08-31;2009-07-31;2009-06-30;2009-05-31;2009-04-30;2009-03-31;2009-02-28;2009-01-31;2008-12-31;2008-11-30;2008-10-31;2008-09-30;2008-08-31;2008-07-31;2008-06-30;2008-05-31;2008-04-30;2008-03-31;2008-02-29;2008-01-31;2007-12-31;2007-11-30;2007-10-31;2007-09-30;2007-08-31;2007-07-31;2007-06-30;2007-05-31;2007-04-30;2007-03-31;2007-02-28;2007-01-31;2006-12-31;2006-11-30;2006-10-31;2006-09-30;2006-08-31;2006-07-31;2006-06-30;2006-05-31;2006-04-30;2006-03-31;2006-02-28;2006-01-31;2005-12-31;2005-11-30;2005-10-31;2005-09-30;2005-08-31;2005-07-31;2005-06-30;2005-05-31;2005-04-30;2005-03-31;2005-02-28;2005-01-31;2004-12-31;2004-11-30;2004-10-31;2004-09-30;2004-08-31;2004-07-31;2004-06-30;2004-05-31;2004-04-30;2004-03-31;2004-02-29;2004-01-31;2003-12-31;2003-11-30;2003-10-31;2003-09-30;2003-08-31;2003-07-31;2003-06-30;2003-05-31;2003-04-30;2003-03-31;2003-02-28;2003-01-31;2002-12-31;2002-11-30;2002-10-31;2002-09-30;2002-08-31;2002-07-31;2002-06-30;2002-05-31;2002-04-30;2002-03-31;2002-02-28;2002-01-31;
1. Nefinanční podniky - vklady celkem;1714211,5;1673563,3;1655727,4;1656358,9;1649973,3;1620579,9;1631089,3;1604839;1572107,7;1565103,7;1570427,7;1578409,5;1598798,1;1623188,6;1565495,1;1580857,4;1577604,3;1574925,5;1603993,4;1617097,8;1583253,4;1520475,2;1548822;1583029,9;1528848,2;1567510,1;1564449,2;1552450,2;1545578,3;1515986,5;1474679,4;1506404,4;1477668,4;1434630,6;1475107,2;1492318,3;1513542,5;1528621,6;1485603,4;1476734,2;1460580,8;1423531,2;1371667,8;1460621,9;1451005,8;1420410,2;1395617,3;1367173,6;1330839,2;1366767,3;1345715,5;1341573,3;1331283,4;1303839,8;1313094,5;1329560;1294416,9;1269078,6;1282168,1;1264267,1;1256653,6;1258967,7;1237236,2;1238682,1;1245983,9;1219104,9;1220942,3;1231366,6;1221911,2;1193213,2;1174692,5;1155995,3;1138338,5;1154022,8;1137822,2;1144979,1;1107615,1;1093621,2;1103744,2;1096468,2;1070909,6;1048377,1;1072757,1;1056555,6;1047507,2;1089983,2;1047930,2;1025779,1;1040241;1030623;1051508,8;1053603,1;1030200,7;986270,6;1015298,7;1006775,7;997687,3;1041333,2;1016756,3;994919,8;1016971,6;1002337,1;1010917,9;1014539;996656,3;983437,3;1005852,7;991665,4;973068,1;1017823,3;993915,8;983522,7;957695,2;946846,3;933331,7;955642,9;923985,8;909970,8;918028,4;899925,6;890058;927637,8;893959;891815,3;908825;914043,3;953946,8;942418,5;906140,8;879677,5;881365,6;887199,1;852668,6;864285,3;853975,3;850149,4;850322,8;819721,1;867236,6;816280,7;807151,5;772880;782099,9;788522,6;776495,7;799719,7;786928,6;784891;781592,6;777411;820706,5;781892,7;748340,8;733944,2;744800;761055,2;721145,7;729988,2;714218,1;702548;708676,5;713137,7;754493,3;725552,8;708938,6;680843,4;707452,4;716396,5;699703,6;715712;695290,4;678042,5;684480;681439,5;721569,7;675716,3;659843,4;642641,3;635359,6;635376,9;624600,5;648227,9;625111,5;626901,5;627193,3;637580,5;687406,4;644017,7;630472,3;627099,4;642662,7;651403,7;647545,5;664348,3;666637,7;624839,3;618869,6;613714,2;676271,3;615051,3;599065,9;577084,1;589965,2;595368,7;592778,2;624004,8;604801,2;601472,2;616638,8;627443,4;664366,9;625889;615680,3;604218,6;631209,4;620519,3;597261,9;627079,4;612168,8;603336;625839,6;641584,9;686421,7;623411,5;602090;572337;592436,1;576040,2;586341,3;605987;595837,7;577266,8;574094,7;571592,2;592187,8;561207,6;550966;538208;553802,7;537985,2;539496,7;542202,2;533119,4;517278,2;512963,6;505163,7;527225,4;515162,5;491175,7;481368,7;483461;475220,9;486560,3;487355;466531,7;447288,1;448791,2;443958,6;473406,7;469932,9;473722,6;467394,6;471143,3;464442,4;462380,2;465945,7;453163,3;427508,6;422829;425274,5;453646,2;422784,3;414911,7;410387,8;405442,4;393824;367723,1;383495,8;382304,9;367564,1;380234,1;382850,1;409386,7;382503,6;373604,8;348989,6;365439,9;355787,3;345057,1;375183,4;355947,2;348658,9;352191,6;359328,8;
2. Nefinanční podniky - jednodenní vklady;1280068,3;1209452,3;1202101,4;1258762,2;1202082;1200085,1;1248502,2;1193724,7;1185951;1196136,5;1164750,3;1182824,6;1188666,2;1200638,1;1145415,6;1171045,4;1149781,3;1162454,3;1220174,1;1172288,3;1176072;1132306,4;1138593,9;1145283,4;1111932;1141230;1120949;1093846,8;1126069,7;1121157,5;1115965,8;1099974,7;1089027,9;1057055;1081283;1064802,6;1048014,4;1074657,1;1025671,9;1037504,1;1053296,5;1061235,8;1081873;1093176,2;1087303,3;1087381,8;1113904,1;1067322,5;1071667,2;1103480;1094364,5;1130205,9;1135236,3;1134148,6;1196552,1;1197185,2;1188259,7;1189883,8;1209451,5;1193412,8;1188430,4;1190857,7;1169839,1;1168974,8;1175432,5;1156052,9;1163110,9;1161185,2;1150675,8;1124790,7;1107007,9;1081351,6;1060887,8;1055643,2;1009415;1007730,5;967531,1;949293,4;985462,5;953506,7;928592,4;909410,8;929534,3;915435,8;917094,1;957213,8;931036,9;912850,2;929911;918845,3;969507,2;951144,3;934943,5;902297,1;930977;916004,5;914707,3;943370,9;920730,5;912257,5;931359,3;935743,3;951043,6;945275,5;921137,7;919421,7;931868,5;909113,3;906547;950418,9;926661,2;923597,8;898132;883542,3;876078,2;892443,5;859880,3;847635,4;851136,8;823504,8;826669,3;846136,9;821229,6;818136,7;831631,3;830215,1;869409,7;850025,3;811321,7;785787,7;786427,1;774416,7;754110,5;770903,9;747743,9;750983;753415,4;727111,2;775181;720753,1;713044,3;683772,2;685480,6;673368,6;660205,6;674342,4;658162,3;657648,2;654363,4;658859,9;694184,3;661326,5;626372,6;609203,3;618848,2;630865,1;599548;609904;597854,7;578151,8;584735,2;589240;625545;590992,6;575704,8;537058;562881,8;577026,7;544133,7;555339,8;533998;524419,3;540962,5;540526,6;567004,9;527698,5;514476,6;492743,3;495800,5;481401,8;475000,2;499647,2;480887,4;492091,1;490290,4;493933,5;535466,7;501850,3;478912,3;475055,9;484975,4;458821,5;447107,1;458726,8;432950,7;436907,2;425311,7;419321,8;470709,6;443321,8;404566,5;403289,9;410842,9;388732,6;393486,6;373016,6;373178;394029,6;387941,7;386880;433036,5;383399,4;372632;389391,9;387241,5;403432,5;396064;385819,4;375716,6;401902;395325,4;440718,2;473868,5;407214,3;407635;370843,6;389499,9;397859,8;375323,2;397185;367302,9;354875,2;378529,8;379596;388507,7;379226,5;367884,6;344897,2;359837,7;352723;328074,3;355543,6;319306,8;311716,4;327973,8;332882,5;342966,3;320230,7;300993,8;282684;292226,1;280186,6;282245,4;285104,1;263122,2;264678,6;267033,3;273206,6;295387,7;286174,2;277859,4;276862,3;281313,6;263377,1;267892,9;271967,1;247272,1;242684,1;236016,3;243353,1;276848,2;247828,3;239030,8;237262,9;223770,4;227310,3;216581,3;208911,8;208451,3;211595,4;211573,3;208844,6;250922,9;207416,2;216860;200090,3;195766,6;195736;184404,2;188839,5;176107;168027,8;178157,1;183828,6;
3. Nefinanční podniky - vklady se stanovenou splatností;344191,2;381263,4;390865,1;340472,7;398969,6;388475,9;356961,4;353566,8;339134,7;311196,7;348096,9;333713,4;332835,3;357545,4;365068,6;357323,3;369652,6;372966,1;361505,7;390614,5;373017;356517,3;374400,3;366170,1;376077,4;373608,4;391727,4;402859,5;369863,3;357867,2;335276,2;353984;352938,9;353352,1;352141,8;403364,1;359682;340356,4;357277,3;349129,2;325247,5;298956,9;275263,7;287280;277380,9;258762;242910,4;236344,3;215384,1;217999,3;204431;178451,6;174503;148278,2;106774;120770,2;95666,1;68685,4;62165,1;59101,6;58260,2;57116,2;54570,3;57537,4;59186,8;51161,4;46385,6;56218,7;58868,8;56435,1;57167,9;63418,7;65354,7;86067,8;112938,3;126322,7;127887,6;132718,4;107906,9;132265,7;131696,2;128842,8;131243,9;120511,4;115230;116979,8;106004,9;101068,9;100138,2;98207,4;68176,1;89298,6;77930,9;66379,4;66530,5;70205,1;65785,9;80317,3;73115;65359;68915,6;54841;47765,3;57458,9;61122,3;51676;54783,7;63487,9;52941,7;54234,1;55433,7;47825,9;47629,9;51099,2;47641,7;52138;51675;50177,7;53549,3;62535,5;50869,2;68650,2;59515,3;60597,1;63715,6;70434,7;70818,5;75948,6;77346,9;77658,1;77688,6;95721,8;83198,2;78056,9;91007,2;83150,6;81099,4;77720,2;77534,3;77596;76839,8;72149,7;77825,1;96398,7;98381,1;108871,9;111034,5;109898,2;109412,2;98967,6;109754,1;106472,1;105841,7;110613,6;112334,9;117952,7;106632,8;105528,7;103566,1;112393,9;113282,9;113919,4;117941,3;125362,6;124520,5;137855,1;139556,1;135668;151913,1;156305,8;158237,4;150829,8;140629,5;138294,5;151858,7;145957,3;143574,1;148157,1;137835,8;152432,7;147985,6;146797,6;142772,9;133318,4;135376,8;141975,1;150167,2;140418,7;149907,4;150358,5;155905,3;191143,3;172872,7;176453,1;205120,1;160081,3;166132,1;168559;181990,1;148800,3;171614,1;152589,4;159081,6;187882,6;181600,9;233278,8;214981,9;192453,8;215529,4;230572,2;224489,9;236687,3;237733,4;209039,1;238608,6;211903,8;196216;236259,8;231867,7;197138,8;226061,8;196709,1;208684,6;212722,3;190956,6;198326,8;199901,3;175200,4;208043,9;205537,5;225283,6;219120,7;192431,8;188834,1;197934,5;176071,4;177382,6;187922;188344,4;180709,3;206983,1;182840,7;210319,9;201959,2;181390,8;168761,7;181069,1;191916,3;186906,7;195317,8;187872,3;191650;200790,9;198753,6;200082,8;179161,1;178427,9;167488,2;174874,8;180309,1;192849,9;187467,8;186615,5;197906,6;191504,1;191042,4;202357,5;181583,6;182910;178804,4;173779,1;171866,6;172673,5;169896,5;178406,3;163096,2;147978,1;171195,3;170658,6;152885,9;164227;170140,6;154512,9;171510,3;152787,3;145229,2;165989,4;154462,8;155755,3;180545,3;173578,6;174154,4;170316,8;170161,4;
4. Nefinanční podniky - s výpovědní lhůtou;21304,4;22968,1;22559,3;21698,4;22387,7;20296,3;19696,8;19551,6;19603,9;19512,1;20143,8;19820,2;19733,7;20085,8;19797;20713,3;20764,4;19813;20161,6;20175,9;19682,2;20467,2;21155,3;21062,2;20460,3;20712,2;20474,4;21242,1;20998,3;19965,9;20784,8;19012,6;18262,9;18618,2;17714,3;16724,5;16959,6;16105,3;15415,1;14909,9;14642;13987,7;14205,8;12894,9;11989,5;10513,8;10790,7;11211,3;11382,3;11190,8;10234,5;9693;10193;9251;9546,1;11004;9890,4;9858,8;9900,8;9950,8;9562,6;10543,3;11325,1;11569,3;10864;10639,1;10785;11109,4;10564,5;10035;9115,1;9723,3;10744,3;11911,3;11614,5;10925,9;11095;10708,3;10374,7;9944,8;9389,4;9222,3;11027,7;11295,8;10526,7;10632,4;9736,8;10107,4;10091,7;10666,1;10716,8;10452,9;9505,2;9371,3;9447,9;8711,9;8749,1;8286,6;8437,5;8448,5;7531;7343,9;7960,2;7911,5;8349,4;8376,3;8446,4;8565,7;8763,8;8903,5;9010,8;9339,9;9458;9529,8;9078,7;9936;10178,1;9922,2;11113,7;11461,2;11789,6;12200,1;12608;12478,1;12874,7;12790,2;12611,9;15525;14692,2;14662,6;14574,3;14686,5;15359,9;15324,4;15224,2;16015,8;15807,4;14885,5;12909,9;13349;13040,2;13405,2;15791,8;15952,5;16472,4;15752,9;12978,4;12992,5;13561,9;13582;12317,6;11842,1;12324,5;11473,4;10658,4;10732,6;9913,6;9152;7016,5;6651,4;6153,2;6326,9;6150,5;5790,2;5557,4;5211,2;4991,4;2921;2838,2;2847,6;3032,3;2774,5;2857,8;2611,1;2700,4;2059;1786,3;1709,6;1715,3;1517,4;1534,8;1471,1;1451,2;1477;1491,2;1426,9;1562,6;1548,7;1632,6;1665,1;1709;1388,8;27541,7;29168,4;28566,9;27850,8;27425,8;25467,5;23501,2;22805,6;22395,1;20734,5;19609,7;18370,4;17579,2;17695,1;16627;14974,6;13153,4;9946,9;6747,3;5570,7;5256,8;5782,5;5354,2;5177,8;4976,7;4997,1;4581,5;4167,1;4324,3;3854,4;3565,5;3471,8;3490,3;3158,5;3026,8;2971,9;2966,1;3031,2;2986,4;3016,6;2981,9;3001,1;2915,5;2861,8;2903;2791,2;2989,8;2739,7;2776,8;2817,5;2943,8;2984,3;2991,6;3054,1;2869,3;2820,6;3035,6;3118,7;3067,3;3138,6;3229,2;3273,6;3144,5;3245,5;3097,4;3129,9;3060,8;2996,7;3005,2;3064,5;3202,5;3148,1;2979,5;2932,7;2933,6;3029,4;3095,1;3090,7;3014,2;3089,4;3207,4;3228,5;3265,6;3322,5;3163,7;3388,7;2689,4;2541,9;2892,8;3149,8;3071,9;2844,2;2872,9;2756,1;2782,7;2892,7;2863,7;3202,9;3150,8;3028,4;2979,8;3106,4;
5. Nefinanční podniky - repo operace;68647,6;59879,5;40201,6;35425,6;26534;11722,7;5929;37995,9;27418,1;38258,4;37436,7;42051,2;57562,8;44919,4;35213,8;31775,4;37406;19692,1;2151,9;34019,1;14482,2;11184,2;14672,4;50514,3;20378,5;31959,4;31298,4;34501,8;28647;16995,8;2652,7;33433,1;17438,7;5605,3;23968,1;7427,1;88886,5;97502,7;87239,2;75191,1;67394,8;49350,8;325,4;67270,9;74332,1;63752,7;28012,1;52295,4;32405,6;34097,2;36685,4;23222,8;11351,1;12162;222,2;600,6;600,6;650,7;650,7;1801,9;400,4;450,5;1501,6;600,7;500,6;1251,5;660,8;2853,4;1802,1;1952,3;1401,7;1501,8;1351,6;400,5;3854,5;0;1101,4;901,1;0;751;1231,6;901,2;951,3;9312,6;4656,4;5157,1;1151,6;1752,5;100,1;2904,2;3108,7;2707,3;7821;8222,7;8343,3;11854,2;8445,1;9358,5;14473,3;8854,9;9165,6;4409;4148,8;3893;6046,9;3963,3;10754,1;10498,4;4815,6;4266,8;2810,1;2759,1;2475,3;2675,1;533,1;1125,3;2252,4;2235,6;2228,6;2424,1;729,9;650,6;606,2;603,4;603,3;603,4;1106,6;919,6;2780;1569;2675,6;2374,1;0;0;0;0;0,6;4,2;1611,4;4582,5;4227,2;3552,9;3002,5;2802,7;1436,6;752,5;4753,4;4352,1;4255,1;6001,6;4450,5;2252,1;3802,1;2653,9;2958,4;1504,8;5051,3;5403,4;5780,8;5350,9;4505,2;3651,3;4856,5;3407,4;3155,9;719,1;23,2;780,8;818,7;1218,7;22,8;18,9;30,3;7,2;5,7;1,4;6,4;31,3;8;25;80;312;0;15;35;245;210;200;20;20;73;50;24;0;0;0;0;365,9;70,5;123,5;490,1;470,3;431;383;111,4;14,3;14,3;14,3;14,3;44,2;93,2;231,5;58,2;5,2;5,2;5,2;5,2;3,1;3,1;128,1;128,1;303,1;303,1;3;8,1;8,1;8,1;8,1;8,1;233,2;264,7;254,2;151,1;161,1;2830,2;3047,9;2795,8;2597,6;2630,8;1813,2;1662,4;1000,4;548,8;618,3;607,4;465,3;320,7;194,8;239,7;248,2;295,3;245,6;294,7;223,7;182,2;203;232,5;133,9;83,4;453;8,2;0;11,7;10,5;3,7;3,5;600;211,5;807,7;26,3;4,8;0;0;0;0;95;0;0;505,6;540,9;1541;715,2;879;732,9;1084,6;914;901,1;2695,8;2034;2595,6;3110,9;3448,3;737,8;2232,4;
6. Domácnosti  - vklady celkem;4311232,7;4327773,2;4312223,4;4266682,9;4266179,9;4236467,3;4193689,9;4147521,4;4139536,4;4128518,2;4129674,6;4114249;4087850,4;4087169,8;4073811;4044959,4;4048643,1;4026097,1;3990669,5;3952328,4;3945094;3930487,6;3921402,5;3909730,1;3895617,6;3874045,7;3856616,8;3815937,3;3809420;3777069,5;3726637,4;3681613;3670728,8;3661137,7;3639369,5;3617857,9;3599440,1;3572883,5;3564379,3;3526476,1;3511875,9;3484857,1;3467351;3428527,4;3422841,2;3422226,8;3403099,3;3411793,9;3399266,3;3391491,3;3383225,6;3349646,4;3372401,1;3350318,1;3327623,8;3321652,3;3323594,1;3325358,9;3325134;3314300,4;3296010,9;3288084,8;3279513,2;3231505,8;3198661,9;3156303,3;3113963,4;3065041,1;3044789,4;3022689,4;2999531,6;2985988,8;2963488,5;2940484,3;2916953,6;2857412,1;2823489;2802873,8;2776024;2752994,5;2738728,2;2734429,6;2729223,6;2711410,7;2696972;2686282,9;2675450,4;2652051;2643943,7;2623269,7;2608875,5;2582499;2564274,9;2554105;2548066,8;2531899,6;2522821,4;2506300;2491598,8;2466315,6;2456737,9;2437688,3;2424581,1;2389185;2382912;2383005,3;2373940,9;2362097,1;2359522,4;2351340,9;2348973,2;2321299;2306550,4;2287268;2265314,3;2222756,7;2195270,9;2190915,2;2185191,4;2180025,8;2164591,4;2147057,3;2150585,5;2121695,4;2119061,8;2106991,2;2088286,5;2050375,7;2043222,1;2037803,8;2028980,2;2025319,4;2018383,5;2023893,7;2021507;1997458,3;1998442,6;1993689,7;1976345;1943174,8;1934447,2;1942952,7;1942614,3;1939069,2;1934977;1932902,9;1929993,7;1911145,8;1915101,4;1904088,3;1883046,8;1875785,3;1877560,8;1873117,7;1876738,6;1872884,9;1875519,7;1873572,7;1888875,1;1878972,8;1876069,2;1867719,9;1846816,3;1823959,9;1830995,4;1829668,8;1827028,1;1818819,1;1816526,7;1815433,2;1818142,5;1802234,8;1803254;1793311,7;1777293,9;1754205,3;1743329,2;1762798,3;1752081,2;1749491,1;1746182,8;1744287,1;1738039,1;1718865;1710681,9;1705208,6;1694743,9;1664947,3;1662368,4;1661322,4;1663151,8;1661033,7;1662248,2;1661448,1;1660567,6;1637272;1643137,4;1632250,6;1616026,4;1592651,1;1589388,4;1584915,2;1586048,9;1581969,7;1579941,3;1588367,1;1585578;1561615,3;1557378,1;1537393,1;1504973,4;1476422,3;1456755;1467259,9;1462494,8;1446379,5;1431709,9;1432551,4;1419687,2;1384759,2;1382518,2;1367720,7;1347687,9;1339171;1329853,2;1328210,7;1323879,5;1318859,7;1311195,5;1301328,7;1291669;1260504,4;1258829,6;1243441;1223638,9;1206521,6;1200271,1;1196469,2;1188135;1182178,2;1175031,1;1169678,6;1166087,4;1141676;1139297,1;1134595,1;1122256,6;1105951,3;1102975,6;1100343,6;1101451,1;1099873,5;1097085,7;1099384,2;1096124,3;1078621,3;1080269,8;1076669;1064086,6;1056541,9;1056189,2;1056982,5;1055150,4;1046610,7;1042775,3;1038598,7;1038265;1019815,1;1024338,1;1016723,1;994275,5;991828,6;988837,5;988707,9;993342,3;985873,7;981111,5;978651,6;978599,5;970871,4;978963,4;971061,8;954897,8;975647,4;975566,7;976098,3;979583,9;976090,7;974967;981165,3;978785,5;968780,3;974018;972656,4;
7. Domácnosti - jednodenní vklady;3419195,4;3425143,5;3405343;3364505,4;3360240,3;3330963,1;3300560,2;3262947,8;3250121,3;3244932,2;3237869,2;3222942,6;3200207,2;3188506,4;3168461,1;3130703,1;3122227,4;3092155,7;3069886,6;3026160,6;3006466,5;2982276,6;2960019,4;2937205,2;2919128,3;2883029,6;2858520;2800344,8;2798163,7;2779507,6;2762993,4;2731442,4;2736709,7;2743811,6;2735158;2724513,2;2712980,2;2699297,8;2696007,3;2664918,6;2665631,7;2650649;2653255,2;2632300,3;2651690,3;2662166,7;2672684,1;2707963,8;2720365,4;2729234,8;2747948,9;2740524,8;2774212,7;2779695,2;2797899,8;2816163,7;2844467,8;2861247,3;2860847,5;2848961,8;2827733;2814544,1;2804909,1;2755906,3;2719831,2;2675331,7;2630985;2587651,7;2566026;2541265,4;2515332,7;2495728,1;2464498;2427561,1;2386245,1;2319515,4;2277028;2256747,8;2236305,2;2215192,6;2203236,4;2200526,9;2198457;2186487,3;2174011,4;2163862,7;2153489,5;2134421,9;2129230,7;2107600,6;2111755,2;2083989;2073426,1;2073898,9;2067805,6;2054472,4;2044404,9;2026510,4;2007491,4;1984796,7;1975909,8;1953823,6;1940502,9;1910638,7;1902673,4;1900019,8;1887233,3;1877106,2;1871593;1858565,7;1851947,6;1822444,9;1801898,7;1776426,2;1759267,8;1720457,1;1690839,5;1680664,6;1670024,3;1660174,9;1640596;1614341,3;1603123,1;1573872,7;1565960,2;1552530,3;1532725,9;1500206,7;1490556,5;1482011,4;1469374,3;1459606,4;1447879,8;1442555;1431233,3;1405198,9;1399913,7;1384831,6;1380886,7;1355736;1345229,5;1330143;1325925,4;1314373,8;1299570,4;1285918,5;1276361,6;1254462,3;1254547,5;1240520;1218398,1;1211257,4;1208543,5;1201245,9;1200292,9;1190758,1;1190673,3;1183739,2;1192077,8;1182045,5;1174360,4;1165127,6;1142722,7;1131851,4;1135427,7;1135257,6;1129397,3;1118838,9;1114816,6;1110270,9;1109291,1;1096058,6;1091138,7;1076988,9;1057628,3;1047498,4;1036936,5;1052313,9;1044820,2;1042050,1;1037977,3;1036168,1;1032055,1;1014071,4;1005917,7;999843,2;984760,8;966822,9;960622,8;955882,5;953148,7;942544;921192,2;905700,9;844813;830089,4;833015,2;822852,2;804202,8;800349,6;796292,6;792717;789085,3;781374,7;772812,5;770583,4;766260,9;752300,5;744608,5;728087,3;708886,3;707367,7;697079,4;696619;689608,9;678635,1;670656,5;667620;657066,1;636270;630429,7;617283,5;601235,9;613705,9;607329,7;607060,6;604886,8;600694;592579;586613,5;576323,3;556482,3;555646;542452,2;529276,4;533144,1;528519,6;527156,2;520252,4;515238,7;508595,8;502115;495813,5;484078,1;481510,1;470647,7;456565,6;463489;460901,4;456472,6;454949,2;450923,4;446049,3;443629,3;436550,4;430299,5;430823,9;424220,4;410824;419697,6;420074,3;420875,8;420812,9;415344,6;413291,3;406447,3;401391,4;393972,7;396977;388876,4;372141;381279,8;377277;375484,2;372295,2;365313,6;359572,8;351931,3;346566,6;339645,6;339023,9;327717,4;315567,8;327727,4;323753;321792,1;320559,9;311482,8;306149,2;306566,5;298397,6;290906,3;288426,9;283820;
8. Domácnosti - vklady se stanovenou splatností;777600,8;787084,8;790734,1;783523,2;784603,5;782941,1;768675,1;761396,3;766724,7;761995,8;769413,9;768398,3;762818,2;771574,3;776021,4;781820,6;791135,4;796560,8;781220,4;790001,7;802803,2;811167,4;822470,4;831400,7;832447,6;844753,3;847757,6;860308;851477,2;832960,6;796711,1;785126,8;768367;750752,7;737146,1;725522,6;718630,2;703825,3;697245,5;688035,3;670414,3;655302,8;632318,1;614523,9;587439,6;573387,2;540635;510429,2;483786;465236,4;436845,9;410438,2;398705,7;371990,9;333365,7;311586,6;282686,3;267624,6;265702,2;264166,7;265279,4;265927,1;264478;264792,6;269182,8;273292,4;274759,1;272405,3;274697,7;279288,2;281183,2;285880,8;292049,6;302734,8;319071,6;328936,4;338719,9;339015,3;332205,7;335566,7;333118,2;333343,4;329528,7;326509,2;323729,9;322219,6;319552;313677,5;308277,3;306808,6;292149,6;296592,7;288926,1;276876,7;275619,1;271403,3;269499;268257,9;270195;265682;263077,3;264442,3;264633,4;263859,3;265503,1;267140,8;269326,6;265086;266200,2;267873,2;269449;270464;272910,1;275548,2;267201,9;266688,2;268202,7;272045,6;274174;275603,8;275443;276181,1;276810,1;275091,1;277862,5;276500,5;276519,6;279612,9;283154,8;286059;287350,1;288453,7;288322,5;290464,6;291435,5;288557,1;289724;294114,5;294616,8;294261,5;294179,4;304527,6;307823,3;311569,5;316909,5;322672,8;325533,2;325371,5;325244,6;325956;327470,2;332354,7;335973,1;339156,7;341980,5;345264,5;345569,9;348532,7;352235,6;354045,1;359498,4;360002,2;362430,9;362627,7;366083,1;366884,7;369601,7;371371,5;372230;372777,7;374292;370963,4;374698,4;377369,9;378600,7;375097,8;375563,3;378392,7;373033,7;370214,8;368023,1;364716,4;360840,5;358182,3;354505,2;351705,5;352146,5;344833,2;344806,6;345074,1;345802;349689,5;351696,6;353574,4;357043,8;352983,8;353765,5;346258,4;349834,2;342774;342232,3;339873,5;342258,6;343773,5;345352,8;349230,9;347267,2;343530,5;345163,7;339939,6;328705,8;368389,8;378014,3;401858,5;413973,3;415012,8;415089;422625,2;422465;417436,9;426311,5;429091,8;429000;428897,4;434322,6;441565,7;444006,4;446568,3;448248,8;445782,1;447084,3;439646,1;438821,4;436610,8;433608,1;429773,9;432684,1;432958,5;432262,4;437503,5;438270,6;442856,2;446221,8;437308,3;436415,5;442752,8;445095,5;438681,3;444112,5;447986,1;451779,3;454168,8;456202,1;461406,6;464568,4;453793,8;454468,2;456854,5;458628,1;454802;457131,4;458455,2;457955,8;454971,2;452758,1;455007,3;458765,9;447202,5;447489,7;446464,9;439803,5;434774,7;435627,5;435902,6;442679,9;441087,2;440507,6;443954,9;445176,6;444330,3;450248,9;452345,7;448648,7;445378,2;451090,9;451146;355315,9;358529,9;360944,9;370290,2;374620,7;375729,5;376640,3;378862,2;
9. Domácnosti - vklady s výpovědní lhůtou;114436,5;115544,8;116126,3;118654,3;121319,1;122563,1;124454,6;123177,3;122690,4;121590,2;122391,5;122908,1;124825,1;127079;129316,4;132435,7;135280,3;137380,6;139562,5;136166,2;135807,3;137043,6;138912,7;141124,3;144041,7;146247,8;150329,2;155284,5;159654;164456,1;166787,8;165043,8;165652;166482,8;166974,8;167731,8;167730,5;169664,7;171041,5;173467,2;175754,8;178835,2;181707,6;181643,2;183643,3;186612,8;189650;193280,9;195004,8;196910;198320,7;198593,3;199442,6;198631,9;196358,3;193902,1;196439,9;196487;198584,3;201171,9;202998,5;207613,6;210126,1;210806,9;209648;207679,2;208219,3;204984,1;204065,7;202135,8;203015,8;204380;206940,9;210188,5;211637;208960,3;207739,4;207110,7;207513,1;202235,2;202373,7;200559,3;201237,9;198410,8;199230,6;200200,6;202408,9;203951,6;206435,7;208860,5;204970,7;201917,2;201922,7;203329,4;204642,1;206023,9;208917,4;211531,7;213912,3;215836,9;217746,3;219417,9;219444,7;214687;214735,6;215844,7;217380,9;219904,9;221729,2;224902;227576,6;228390,1;231741,6;235293,6;238844,6;235611,4;236228,7;238205;240993,1;244247,1;248547,9;256534,9;270652,2;272731,6;275239,1;277960,5;279041;270556,1;269510,7;269733,4;272255,8;277256,4;282179,9;290872;298836;303702,2;308805;314743,6;300841,5;293177,2;295038,3;308282,2;308865,7;313126;318497,1;324311,5;328098,8;331312,1;335309,2;337612,2;337178,5;332158,1;333030,1;332700,9;334435,4;336832,5;339246,4;341270,7;344531,8;342845,6;342204,2;342574,6;341628,1;329430,9;329432,7;327474,5;327981,3;328558,8;329418,6;332319,8;334486,9;335130;337320,8;338464,2;340580,2;331125,7;330342,8;331579,1;333577,4;336385,1;339041,6;342263,4;343950,6;345351,6;348975,1;352367,7;356511,3;351884,8;355507,7;358843,1;362660,4;367211,7;387779;400341,3;456751,7;452132,1;454177,5;460915,6;458683,9;445749,2;446477,1;447456;449526,1;451414,5;454959,6;459796,1;461161,7;452222,1;452547,5;452381,4;449965;384388,9;365317,7;352840,3;343317,3;337624,5;332894,4;330149;329182,2;321462;317010,3;314061,1;311222,9;290835,5;283091,1;275029,1;271561,8;269071,7;268054,4;267063,4;266530,3;262730,9;262628,7;262394,7;260754,5;243603,6;239067,3;236354,5;235620,3;229436;228164,7;224707,3;224052,1;220289,6;221371,5;221194,6;220595,5;203781;197961,7;195884,9;194722,7;194781,4;194834,3;194348,3;195005,5;194528;194977,6;195594,1;194634,5;182042,2;178983,6;177651,5;176381,8;176294,8;176725,9;177144,1;178107,7;178639,9;179871,4;181381,8;182331;175774,2;175933,1;177321,1;178367,2;179472,9;181031,1;182765,5;186856,4;186895,4;189690,6;190998,7;190681,3;202541,8;200722,8;203160,2;303708,2;306078,1;307760,6;304308,5;305767,1;302144,4;308950,8;309974,1;
10. Domácnosti - repo operace;0;0;20;0;17;0;0;0;0;0;0;0;0;10;12;0;0;0;0;0;17;0;0;0;0;15;10;0;125,1;145,1;145,1;0;0;90,6;90,6;90,3;99,1;95,6;85,1;55,1;75,1;70,1;70,1;60,1;68,1;60,1;130,1;120,1;110,1;110,1;110,1;90,1;40;0;0;0;0;0;0;0;0;0;0;0;0;0;0;0;0;0;0;0;0;0;0;0;1,7;0;0;0;0;0;0;3,5;0;0;0;0;0;0;0;0;0;0;0;0;0;0;0;0;4,5;4,5;0;0;0;0;0;0;0;0;0;0;0;0;0;0;0;0;0;0;4,6;0;0;0;0;0;0;0;0;0;0;3;1,5;2,1;2,1;0;0;0;0;0;0;0;0;0;0;0;0;0;0;0;0;15,1;14,1;14,3;29,8;29,8;30,1;30;30;36,6;6,2;15,4;34,6;49,9;52;52;47,8;49,8;61,4;64,8;72,4;82,7;96,2;488,6;484,6;483,5;486,7;512,6;650;841;1140,8;1139,2;1193;1259,6;1284;1292,2;1325,2;1406,4;1431,3;1522,7;1540,7;1588,5;1580,4;1831,5;1959,2;2066,7;2179,2;2224,4;3305,5;3778,3;4386,4;4868,6;5178,9;5407;6816,3;8756,6;10888,1;13562,2;15058,5;16984,9;17416,3;16275,9;16343,5;15942;15595,3;15107,1;13070;12157,3;10973,9;9590,1;8766,6;7284,3;6229,1;5732,1;5109,8;4555,4;3424,5;2525,7;2313,3;1869,6;1731,1;1645;1733,4;1983,4;0;0;0;0;0;0;0;0;0;0;0;0;0;0;0;0;0;0;0;0;0;0;0;0;0;0;0;0;0;0;0;0;0;0;0;0;0;0;0;0;0;0;0;0;0;0;0;0;0;0;0;0;0;0;112,3;0;0;0;0;0;
11. Fin. instituce jiné než měnové (bez poj.spol. a penzijních fondů) - vklady celkem;418907,3;458284,5;441226,2;412236,9;426097,1;409553,3;379409,9;404056,5;401172,1;405867,8;392703,4;394059,8;396107,6;422908,8;397178,2;391370,8;393468,3;381143,9;369673,8;383682;377163;385404,8;383936,8;376012,3;382940,2;375089,5;368980;365403,1;412684,6;403268,8;403768,8;413352,7;416759,9;413925,3;410321,7;403142,5;399734,3;413828,4;391905,4;346119,9;350998,3;335350,5;295153,5;307827,4;291821,7;276315,1;258733,7;256336,6;271110,9;265048,9;249858,5;240848,8;218180,7;216517,6;197477,3;199751,4;199203,9;191415,9;183022;175769,4;185281,6;172255,4;182194,7;194486,7;182597,5;184684;157043,8;189138,3;186984,4;195760,9;187445,9;179654,9;181459,5;183051,4;197867,5;212554;216714;208189;185105,6;200858,7;243731,3;209570,9;218478,4;208438,5;203862,3;219423,5;197326,5;191032,5;185420,2;200920,1;143674;176278,6;171157,2;198199,6;193773;198228;207870,9;211658,4;194548,9;219746,1;186817,1;167475,2;146944;171927,7;203014,9;194905,1;186069,3;175427,2;183603,2;184119,8;189177,5;176318,6;155727,4;142735,4;106473,7;121804,9;129075,4;118406,5;119887,4;116410,1;111619,7;114427,1;122296,2;115763,2;100615,8;105558,9;96245,5;121581,6;118103,2;113458,4;101645,9;96543,1;96335,2;95966,6;91177,5;89146,8;88742,3;101847,5;93399,3;99281,9;96760,7;94693,7;94975,4;89972,1;86736;96486,3;102630,2;100794,1;98112,7;100129,2;118806,1;108128,1;108363,5;106508,2;105225,8;99769;95238,8;95576,8;91655,9;83975;81418,8;81898,2;75522,1;67990,9;66820,3;66664,9;61401,2;59990,7;63600,3;62900,8;61869,6;62213,1;66426,6;64442,8;67085,2;59403,1;54321;51306,5;49334,2;50970,9;51147,8;52517,1;50140,6;49510,9;53940,1;54353,8;54524,7;54681,8;64206;59019,1;52522,3;47760,1;48953,3;48469,6;52534,7;54530,2;51142,1;50349,5;49280,1;49590,2;51127,6;50584,8;52635,5;48867,8;47999,2;49812,6;50526,1;54613,5;52189,7;54677;51237,1;49396,5;49948,1;51151,6;51096,8;50412;47260,8;48838,3;50397,3;50669,1;54672,1;52931,5;66142,3;48471,6;47408,3;55427,7;57471,8;56817,2;53276,8;48383,1;46183,7;40941,7;41023;41165;36177;36134,2;37099,3;33665,1;34664,5;32447,3;33563,3;32518,8;32558,5;32881,1;35840,9;36368,1;31827,5;36713,2;34972,8;33127,4;33198,9;30194,1;28328,3;28115,3;28291,2;27655,9;29543,7;30692,8;29549,3;31863;31241,1;32546,4;31149,8;29492,6;31297,9;33924,1;34786,5;37098,2;43357,8;43198,1;51476,8;45560,5;44291,9;41190,7;61312,7;61487,2;53900,9;58106,3;60237,1;55860,3;57198,3;57616,8;50277,5;55430;58868,8;59693;57476,2;48831,5;46634,8;50948,7;54894,5;48007,1;46993,4;49838,9;
12. Fin. instituce jiné než měnové (bez poj. spol. a penzijních fondů) - jednodenní vklady;174937,4;210708,6;187223;159331;154517,8;155361,8;141642,1;155541,5;146180,5;153296,4;138177,9;137308,6;143296;155505,8;141307,8;147713,1;142720,5;136287,2;136836,6;136488,7;132897,1;139979,8;126722,8;136480,1;138942,4;129463;120150,1;114267,2;123098,6;117983;123285,7;130882,5;135700,8;127268,8;123585,8;119212,6;125154,4;135027,6;118370,6;112249,3;130922,8;143123,4;141733,6;135004,4;125226;113371,9;113299,3;120716,8;140830,2;143420,1;126707,4;136245,5;126177,9;127981,1;121372,8;119704;122657,1;126044,2;121871,5;116861,2;127559,7;114666,6;114369,3;131093,2;117599,7;116161,4;99940,2;118518,8;112234,3;121558,4;109456,9;99401,1;97820;94982,2;98842;108880,8;92908,4;90506,7;89339,2;88130,8;92851,8;92210,2;91227,1;94094,9;95577,1;96981,5;88476,8;87131,2;91847,3;90545;85718,7;89885,5;86637,3;92346,9;93177,8;89016,8;95673,9;91480,6;88491,4;94048,2;101536,3;95182,3;93436,4;99230;98956,3;103498,9;102738,9;108788,2;103976,3;107268,5;110906,9;110024,9;101167,1;92650,1;71461,1;79491,5;77356,6;72196,6;75371;76648,7;75877,4;80928,9;77323,9;71599,8;63027,7;65580,4;61054,9;79101,8;72699;69656,3;62031,9;55018,2;53508,4;54215,5;52257;51750,3;50629,1;56228,3;49876,3;53012,4;52858,1;48074,6;47355,2;46768,8;44680,1;50258,9;52285,5;51077;51686,3;55763,1;47062,2;43433,8;47733,2;45035,6;46339,4;43707,6;44594;46553,3;44288,2;40453,2;40887,7;41468;37873,5;32934,3;34506,2;33297,8;29444,8;31832;27153,8;29545,7;26326,1;27795,1;30914;31694,1;31073;29765;31388,4;26724,5;29001,8;27402,4;28099,9;29156,7;27606;27836,3;28905,3;29449,5;26677,7;29929,7;36424,6;35767,6;27900,7;25582,8;26971,4;26697,4;26471,5;30092,2;26778,7;28779,8;26997,1;29285,4;28597,2;27111,9;29019,9;26127,4;29039,6;27983,9;25114,6;32123,4;24515,3;27250,7;26639,4;25659,5;25157,1;30836;28904,9;29503,2;28417,4;29934,5;30967,1;32883,2;30864,9;31643,2;31482,2;29508,3;30786,8;29347;27312;30527,9;24792,3;25653,3;23151,9;20225,5;22246,5;23774,8;18950,1;20135,8;19886,4;15818,5;17027,7;17634,9;16337,8;17111,2;16979,7;16621,4;19590,9;19653,6;15592,7;18178,3;15185,1;14900;15255,2;14263,7;14839,8;13287,8;13358;16193,5;14469,4;14786,1;13988,3;16035;14398,2;16478,1;15441;14033,2;17394,1;15493,5;15441,6;16656,2;17835,8;17036,4;23228,8;21266,3;19325,1;21224,3;19362,4;22344,7;21225,5;21449,8;19198,6;19922,3;21204,2;22219,4;18616,3;20727,6;21214,3;22332,6;19798,8;20079,2;13524,9;15567,9;10530,4;9592,6;17311,8;25288,3;
13. Fin. instituce jiné než měnové (bez poj. spol. a penzijních fondů) - vklady se stan. splatností;77037,4;80768,1;85152,3;80185,2;86743,3;79424,1;74884;83168,9;91886,4;86561,9;88977,6;87835,1;85145,4;99136,2;92544;100003,9;122634,4;121868,7;115259,4;127250,6;126154,8;126795;135257,4;122342,8;128740,8;128337,3;131915,5;132676;170498,8;169689,1;167608,2;176124,2;173136,8;184968,3;187261,8;185780;179366,5;184195,1;180561,7;142988,2;140893,2;120734,4;92653;109447,8;106067,3;101143,7;90504,1;86420,1;79644,2;70691,6;70835;60517,6;51518,6;49143,4;45685,8;43958,3;40455,4;32362;30096,5;29739,2;28519;26314;36480,5;31092,3;34471,7;33318,3;33019,6;39097,3;43788,6;42680,5;46510,2;48541,6;51812,7;55786,8;64664,7;69574,4;79524,9;78533,7;67928,5;77172,5;77819,7;71342,5;64308,6;57070,1;58853,4;56550,7;59381,1;53279;51392;52785,8;31887,4;43586,8;41878;42261,9;42767,4;42900,7;41041;46725,3;49720,2;48255,9;41989,6;40738,4;24864,3;44011,9;45952,4;42456,1;45362,9;36494,7;37838;38440,6;47732,8;43706,1;43832;41723,4;34344,7;39966,9;43144,6;39015,2;38256,8;34587,7;33015,4;30435,1;36319,3;36233,6;35213,5;38104,2;33922,4;38206,9;42619,1;40625,5;37571,3;37877,2;39199,2;37357,1;36477,7;35130,2;35850,6;37491,3;36973,6;37963,6;36171,5;35747,8;36588,9;34942,7;33411,9;35019,6;37124;37436;36534,4;34987,9;33709,9;29358,3;26997,1;28088,5;25765,1;26383,7;26420,4;26894,4;29770,9;29064,5;26263;28011,3;31682,2;28630,1;27657,8;28543,5;28222,9;25644,2;33543;29857,9;32698,4;31647,6;33702,3;30983,8;33425,1;27395,7;20249,1;22181,1;18008,2;20273,5;17671,6;18432,1;19867,7;18983;19181,2;18897,2;20992,8;18257,4;21588,9;18489,9;20437,2;19826,4;19010,9;18575;22610,5;21375,1;20662,7;20435,4;21081,6;19471,3;21548,2;22460;22470,7;21535,4;18432,5;20385,1;23915;20979;25049,6;26242;24108,5;23258,4;23058,9;19418,9;20887,7;19914;17516,9;17794,5;17908,2;15481,9;20813,3;18456;33855;18636,6;15896,9;24736;28694,7;24519,1;26543,8;19926,6;21338,7;17711,8;15984,1;14858;16000,8;15000,8;15527,8;15850,8;15563,3;12700,2;14618,9;13946,5;14379,3;14805,1;14895,6;15093,4;15662,7;17696;18606,8;16348;16007,4;15201,6;12213,6;12808,5;12830,9;9808,4;13759,7;13208,2;13626,4;14548,2;16253,7;14946,4;14990,5;14732,1;13088,5;17752,2;18865,1;19733,8;24590;25140,7;26919,2;23010,2;23322,1;18430,8;39984,2;36663,4;31184,7;34481,5;37813,2;32255,2;32709,9;32124,7;28163,5;31691,9;35228,8;33305,8;34439,6;25617,6;30047,1;32292,1;41500,2;34849;27353,1;22345,3;
14. Fin. instituce jiné než měnové (bez poj. spol. a penzijních fondů) - vklady s výpovědní lhůtou;7529,7;7344,9;7476,6;7348,6;7191,6;1766,1;2383,9;2223,8;2235,6;2236,1;2232,5;1872;1133,8;944,4;961,5;923;935,6;1063,5;1049,4;1008,4;970,5;1033,3;987,5;929;955,7;1496,7;2598,5;2548,8;1418,2;1432,3;1413,1;1302,8;1327,3;1304,2;805,1;814,2;805,4;811,4;1563,7;1603,4;1083,7;1031,2;1097,3;1218,2;1310,4;1441,7;1458,1;1837;2129;2042,1;2579;2763,1;2547,3;2676;2639,2;1764,5;1841,1;2250,9;1790,5;1757,7;2007;2132,8;2129,7;2059;2424,6;2272,8;2515,3;2515,9;2649,3;2294,3;2236,9;2225,9;2908,2;2937,6;3137,9;3073,6;3215,7;3223,7;3053,9;2910,9;2677,9;2384,1;2046;2075,4;2028,7;1398,8;1164,1;756,3;747,2;849,1;771,4;774,5;773,7;862,6;861,6;831,5;784,4;954,9;955,4;925,7;934,3;854,5;780,9;780;1040,5;3239,1;3191,7;3123,4;3125,1;3103;3102,3;2703,7;661,9;662,6;663;666;634,6;1087,7;1057,3;654,7;705,3;705,4;757,9;760,5;789,8;933,6;935,1;830,5;465,1;444,1;467,5;464,2;512,8;1118,6;1116,2;1059,2;772,3;788;489,6;753;568,5;562,8;419,2;998,1;928,3;558,1;587,6;547,4;521,3;219;576,3;877;885,9;884,8;629,3;420,1;659,9;664,4;660,7;626,3;584,9;587,4;492,4;209,7;203,8;52,2;69,3;65,5;62,6;62,1;82,4;83,1;82,7;81,6;80,7;80,7;81,6;81,2;80,9;81,1;82,3;42,3;42;42,9;42,6;40,1;40,1;101,6;105,6;107,4;108,4;106,9;625;554,2;523,9;484,5;425,7;432,5;443,8;439,7;410;389,9;381,9;438,9;366;380,6;463,6;456,5;439,4;236,3;221,2;211,6;199,5;211;211,2;218,5;216,5;232,3;232;237,9;203,9;291,9;282,1;279,7;288,8;268,7;276,1;272,3;272,3;275,5;272,9;272,5;266,9;259,2;263,7;260,9;262,6;263;62,8;64,9;63,8;64;63,6;67,9;62,6;63,4;64,6;61;62;57,8;10,6;9,4;8,7;8,9;13,7;8,8;8,9;8,9;8,5;8,3;8,3;9,2;8,9;8,4;8,1;8;6,8;7,3;7,5;6,7;38;75,8;25,2;10,1;11,5;12,1;12;13,5;13,3;13,6;14;9,8;9,4;9,7;17,6;9,3;9,6;9,7;11,5;10;10,9;10;7,2;6,9;
15. Fin. instituce jiné než měnové (bez poj. spol. a penzijních fondů) - repo operace;159402,9;159462,9;161374,3;165372,1;177644,4;173001,4;160499,9;163122,4;160869,6;163773,4;163315,5;167044,1;166532,4;167322,4;162365;142730,7;127177,7;121924,5;116528,4;118934,3;117140,7;117596,7;120969,1;116260,4;114301,2;115792,5;114315,8;115911,1;117669,1;114164,4;111461,8;105043,2;106595;100384,1;98669;97335,8;94408;93794,3;91409,4;89279;78098,5;70461,6;59669,6;62157;59218,1;60357,8;53472,3;47362,6;48507,5;48895,2;49737;41322,6;37937;36717,1;27779,5;34324,7;34250,3;30758,8;29263,6;27411,3;27195,9;29142;29215,2;30242,2;28101,6;32931,5;21568,7;29006,4;28312,2;29227,8;29241,8;29486,2;28918,6;29344,8;31223;31025,2;41065;35924,9;24784;32644,6;70381,9;43634;60896,7;55198,1;47403,2;64492,5;48304,6;49866;41433,6;56740,3;25296,4;42031,7;41868,2;62728,3;56966,3;65479;70371,6;72497,6;55381,9;76516,2;42356,9;30699,9;27862,4;27905,8;57065,7;45711;34775,7;27021;38663,8;35307,7;27435,5;19883,9;10066,5;7699,3;4,9;1680,6;7939,6;6107;5202,2;4518,9;2021,5;2357,8;7895;7169,2;1584,9;940,7;333,1;3442,5;2319,9;2732,4;1575,3;3183,4;3114,8;3275,3;1326,6;1207,1;1490,3;7339,9;6059,7;7553;7162,6;10308,4;10612,1;7262,6;7715,7;10649,6;12633,1;11733,7;9370,8;9159,1;37457,6;34459;32747,3;32499,3;32492,1;29257,6;23564,5;21464,7;16936;13831;13683,1;11831,4;5474,1;6216,9;4452,5;4771,3;3664,2;2449;2840,9;3435,1;2762,7;2687,3;1727,6;1683,3;2506,4;2161,8;2601,8;2319,7;2243,3;3214;5294;4886;2625;2648,7;5811;5967;6814;6393;6087;4654,2;4076;2244;2346;2643;2928,7;2578,3;3275;701,9;757,6;393,7;572,3;623;763;766,1;161;1063,1;1032,9;1054,6;2185,4;948;268;267;1532,6;685,6;1093;776,3;1110;877;1290;2066;2790;2540,4;523;47;435,8;1076;1189;1498;1668,3;2527,7;1420,1;2732;2525,5;2273;962,4;736,7;1422,5;1732,7;2010,7;2047,3;2542,8;1397,1;1136;1386,7;1291,8;1557,7;507,5;777,8;1119;1821,5;1925,7;719,5;1266,1;2010,1;2088,5;1645,2;1305,7;2689,6;1926,2;1271,4;580,8;1112,8;709,4;718,8;807,2;670,4;472,9;700,8;924,4;1014,3;1290,9;1208,1;1619,5;1525,5;1954,7;2467,1;1478,8;2161,6;3212;3669,3;3270,1;3262,9;3488,3;3000,8;2408,1;4045,4;3228,1;3125;3051,2;3078,6;2853;3555,5;2321,3;2198,4;
16. Pojišťovací společnosti a penzijní fondy - vklady celkem;162641,7;144464,6;151942,4;145818,4;152631,3;139085,6;139703,5;139965,8;140829,7;136766,1;127517,3;126252;120319,4;126286,6;133005;130599,7;134379,7;125713,3;122630,6;123837,3;123759,7;118421,9;119783,3;125325,7;123621,2;134332,6;120848,4;130687,9;137238,7;138075,7;136028,3;133958,1;132604,3;120695,9;123295,1;122692,6;117960;125645,1;130992,9;111461,5;112107,5;112239,7;105916,9;104647,8;105293;104687,2;92192,1;93584,9;97042;105086,9;106224,4;93523,1;97241,5;97023,4;76514,3;91710,5;104524;107110,7;101122,5;104650,6;118359,3;124627,1;123375,5;131149;138754,5;131395;106299,2;104422,1;115812,5;144061,4;126821,9;126395,6;117229,1;123251,4;121996,9;144522,4;161392,3;151063,6;132352;135436,7;114025,1;132581,5;122982,8;125308,8;138112,3;120176;144199,3;120411,8;131815,8;101331,6;144701,2;146939,7;147391,6;126269,7;136408,9;108873,7;100173,2;105325,8;126162,5;105133,4;132835,3;140049,5;124852,7;136914;118133,6;138706,8;144222,1;148778,9;117666,5;126171,2;135576;111125,2;98462,5;87632,8;63372,6;76611,2;71898,4;68241,6;64101,5;67070,6;71994,5;75488,8;78685,9;79261,5;87333,4;82214,9;62206,2;59779,1;66436,6;58597,3;46318,3;45988,1;45622,9;49314;55706,5;48525,1;53627,4;61170;60754,4;62892,4;61991,6;61231,9;60132;58090,6;58062,8;63527,7;70846;69656,7;61193,5;66245,1;50650;56173,7;60751;63970,7;56361,2;55558,3;56290,5;52570,9;59083,8;55687,6;60796,1;60918,8;63765,3;58816,6;63745,4;58995,1;55843,6;53047,9;52436,3;57164;60482,2;56783,8;60457,4;57239,9;50202,7;54816,6;59114,2;43871,3;43501,4;48931,1;47872,5;53669,2;58697,2;44396;52934,9;51896,7;50766,7;53782,1;52273,8;43162,2;46672,1;48918,3;55887;58293,3;67100,6;61827,6;57729,3;56431,4;58010;65263,3;55955,6;58681,3;55955,8;57027,7;58498,5;57679,8;62528,8;67560,9;62366,4;60091,2;54998,2;52793,3;57441,1;59839,5;59699,1;58124,8;55597,7;59604,1;59152,4;60310,9;55332;48789,6;54019,2;49979,8;53120,2;49262,6;51214,6;45534;40547,8;45607,4;42598,8;43075,1;44610,6;43140;41390,3;46535,6;48875,2;39048,4;40697,9;41428,9;44207,1;43854,3;44901,3;49647,4;49354,5;51708,7;47034,8;45046,5;46192,1;48085,6;49489,3;49993,8;47833,7;48506,2;45287;48466,5;45005,9;38407,9;40293,5;43768,5;42977,2;47361,8;44328,4;47648,2;46470,5;46721,5;44203,6;43167;46558,5;46738,3;45293,3;41100,4;37918,8;36006,8;29341,5;28657,1;30630,6;29259,2;29367,3;24057,3;28016,4;36675,3;39443,9;38011,2;36034;32027,3;32955,2;31825,1;29259,5;36892,8;38022,2;37531,3;33643,4;32916;
17. Pojišťovací společnosti a penzijní fondy - jednodenní vklady;28800,3;21496,2;23055,8;25991,5;23689;19662,9;23083,8;21726,8;21773,3;24014,6;20571,9;20238,6;23753,1;23192,4;21861,6;24600,7;26284,7;26419,3;20683,1;26490,1;29071,8;26718,7;26751,1;28814,5;26730,1;26896,4;23157,8;21054,2;24576;24037,8;22769,9;25122,9;25363,2;20820,8;20394,9;20738,9;19569;21570;21893,6;22352,1;22852,6;22336,1;16640,7;23084,4;23166,9;22903,5;22162,6;22855,9;24554,4;25831;23230,4;26226,5;24139,8;24454,2;20589;23431,8;23237,5;28936,1;22387,7;24183,5;24788,8;25365;24720,3;23987,9;25247,2;26163;24314,7;28627,6;31616,1;30242,7;20985,6;20597,2;20969,6;20566,2;22059,6;22456,1;19210,7;14992,9;16951,4;16279,2;19552,9;15573,3;17316,9;15878;15964,4;16990,5;17365,9;15413,4;18609,5;16533,6;25277,3;16138,9;17352,5;13526,2;16244,6;15250,5;14423,2;21980;20329,5;20022,1;22072,4;26226;34083,1;25180;30375,8;37620,9;38129;45845,5;45797,2;45249,3;45353;34858,5;37878,5;38290,3;23528;39273,7;38334,1;34920,1;38459,6;35651,5;36587;42792,2;36646,9;40100,1;41875,6;32163,4;21301,7;20051,4;20720,5;23844,4;19837,5;15934,6;19235,7;18521,1;19137,9;20631,5;19112,5;24220,7;15968,8;21002,8;21433,8;23541,3;18754,1;20034,3;20029,9;15951,8;15959,2;20942,3;13346,8;13252,7;15165,3;23505,9;26732,7;28114,1;19042,9;23239,6;18156,4;18638,8;20494;17994,2;23184,9;28472,6;17751,1;18237,5;16295,6;7977,7;8808,5;13487,3;7559,8;13015,2;8582,1;7797,5;15755,2;14201,9;7886,5;17098,2;12496,8;5802,5;11909,4;6710,8;13093,4;14725,6;7968,7;10986,2;15596,2;13605;6827,7;16105,4;7416,8;12831,5;11623,7;6386,5;12778,7;13973,5;9131,2;12643,3;8227,2;10512;6795,1;26166,9;11759,5;17085,8;14525,5;6352,2;14738,3;7815,1;8000,8;11629,9;10871,8;12332,4;11157,8;11406,8;15673,9;20995,3;12070,9;13975,6;17498;8728,7;7918,2;13771;11629;12467,8;7999,6;9546,3;22133,6;9792,8;10527,4;18906,9;5922,9;19188,6;5124,2;7219,5;14300,2;19266,7;7808,1;17402,6;16898,1;5449,5;13432,8;13083,1;8314,3;12712,9;6181,3;6302,5;9654,2;14894,3;8401;13604,2;12863,6;4869,7;12937,9;5824,7;7647,4;16939,8;6488,3;18650,2;10368,1;15493,8;5373,9;15556,8;4275;14937,2;14629,7;7569,9;12074,4;13428,8;10399,5;15947,2;14228,4;14176,3;9202;12592,9;8557,9;11222,3;5333,9;7700,4;9298,2;8385,1;3138;6700,1;5652,5;6387;4760,8;7248,7;14306,5;9228,1;5758,3;8690,1;5235,2;4821,1;3495,5;3956,3;6452,5;7648,7;
18. Pojišťovací společnosti a penzijní fondy - vklady s dohodnutou splatností;13443,7;12317,2;13785,2;10985,4;18620,7;14038;12817,3;17487,5;21346;19689,1;13417,3;13653,5;11421,7;15249,9;19776,7;13745,3;17835,1;14065,5;11944,1;13521;12600,5;11095,4;10422,9;12176,1;14162,7;18088,8;15887,8;14779,2;14306;14176,7;14388;12375,9;11753,6;13850,2;15636,7;17771,8;11670,2;14163,6;17569,2;15562,9;17186;14586,8;13542,5;17060,6;17534,1;18926,7;16683,9;17072,9;15143,8;17339,9;17156,3;18263,1;15599,7;14681,7;13749,4;10417,7;14769,1;13929;13081,3;12088,8;14425,1;18540;20543,2;19842,1;21241;21947,2;29621,2;25317,3;26527,6;32010,7;28590,2;29769,8;29700,3;32404,9;31910,1;41593,9;37719,3;45227;42059,7;45477,2;42054,2;35097,1;35807,6;34026,7;31678,7;31072;36028,8;32959,1;33071,4;32563,8;39780,1;36683,1;33263,8;32669,9;36618,1;30660,7;34730,9;33279,7;36083,4;36497,5;33878;34798,1;37019,8;40441,9;36474,6;40910,9;40055;30437,9;23437,3;32382,4;41315,1;32266,9;29277,2;20988,1;25305,6;21150,6;22015,3;25962,4;19057,1;22399,1;20607,1;20463,1;25941,8;23703;29071,9;33613,3;25218,4;23772,5;29345,6;23462,1;21887,4;25653,9;20055,9;23959,6;29368;21425,3;23893,9;24628,7;24135,8;23186,5;25111,9;22367,3;26113,7;23123,7;22960,4;29573,2;36484,4;29103,6;29113,3;32803,3;34692,6;31378;31938,7;32515,4;35055,3;30305,1;37105,8;33912,2;38423,4;36727,6;36603,8;32439,9;40010,5;38573,1;38395,6;44313,1;43230,4;37505,6;42272,4;38845;48116,7;46117,3;41739,8;41747,7;41421,2;36211,9;44928;36867,8;29691;36736,3;31479,4;34124,1;42633,7;31584,9;32401,6;32368,6;39879,9;30692,6;38497;25577;27852,6;33328,8;34452,1;35158,5;38910;32788,8;38182,7;35574,8;40886,3;29365,7;35061,9;31667,5;32956,7;37060,2;35363,8;40097,3;41828,6;39166,7;41068,3;40598,5;38626,1;34966,2;37693,1;35632,2;40640,1;34628,3;30314,4;40102,2;42995,9;37695,6;37417,9;32159,7;38280,5;33963,4;21922,3;29816,7;33182,5;23536,9;31557,1;21408,1;32830,4;32913,3;23407,1;19373,5;27359,6;20639,5;23576,7;27350,2;18347,7;17768,2;24709,2;18414,7;24007;28655,9;28164,6;23919,4;29524,8;22039,9;24077,1;32920,6;24102,9;35107,5;32891,5;23098,6;30334,2;22765,2;29613;18287,7;28209,9;19268,4;29683,5;22460,1;19633,9;23573,6;20786,8;18111,1;21768;18566,6;21614;24080,4;25930,9;20490,8;21906,4;17149,1;19895,3;16165;15612,4;15769,7;22011,8;12113,6;16763,9;16926,4;19854,4;18312,8;12882,1;13466,6;14963,9;13920,5;15566,8;19211,9;21465,7;24370,5;21062,2;15557,9;
19. Pojišťovací společnosti a penzijní fondy - vklady s výpovědní lhůtou;84,1;84,1;84,1;84;84;83,9;83,1;83;90;89,6;89,5;89,4;89,2;89,1;89,1;89;89;94,5;99,6;99,5;99,4;110,4;110,3;110,2;109,3;109,2;108,7;108,2;108,1;107,5;106,8;107,1;106,3;106,1;105,5;105;104,5;104,4;104,4;104,2;95,4;95,4;95;96;89,4;89,3;89,2;88,5;87,7;87,6;118,2;117,8;117,7;116,4;116,3;111;109,8;72,2;70,8;70,7;70,1;69;68,4;68,4;66,8;66,2;65,2;63,6;63,5;62,9;61,3;61,3;60,8;58,8;58,8;56,8;82;81,5;81,4;80,2;77;76,9;76,9;150,1;148,2;148,1;146,3;162,8;161,9;160,9;159,2;158,5;163,2;163;162,6;235,9;250,7;250,1;223,8;223,2;122,3;222,4;245,8;569,2;648,3;647,7;691,5;666;665,4;621,1;558,1;536,8;227;207,2;201,5;200,2;199,3;538,1;537,7;522,2;505,2;567,7;497,5;459,1;291,3;330,4;327,3;38,2;37,9;36,6;35,2;75,4;74,7;74,2;132,5;131,7;131,5;131,4;90,3;75,7;74,5;73,8;73,3;73,1;72,9;72,2;71,5;82,8;82,6;82;81,2;80,8;79,7;79,2;79,1;78,8;78,5;19,9;166,4;165,8;7,4;6,2;6,1;6;6;5,9;5,9;5,9;4,7;3,9;3,5;3;2,4;2,3;2;1,4;1,4;1;0,9;0,8;0,7;0,7;0,6;0,1;0,1;0,1;0,1;0,1;0,1;0,1;0,1;0,1;66,1;66,1;146;145,8;99,1;98,9;98,8;361,7;378,1;565;370,5;365,4;526,3;967,3;599,3;664,3;926,3;1260,3;1114,3;1220,3;474,1;552,1;288,1;240,1;375,1;438,1;432,1;384,1;346,1;662,1;444,1;470,1;646,3;633,3;624,3;569,3;743,3;596,3;609,3;528,3;779,3;652,3;1663,6;1188,4;672,3;721,3;544,3;490,3;805,3;354,1;409,8;543,9;436,7;748,5;617,1;647,5;591,5;285,5;997,7;831,1;768,6;1191,1;1100,5;1120,8;1104,1;1264,3;1129,4;894,5;932,7;122,5;20,9;172,4;170,5;169,1;168,3;171,4;170,1;169,4;168,9;168,3;168;167,2;166,2;165;163,3;172;167,4;545,8;550,2;549,5;548,8;551,2;554,2;557;555,5;558,6;556;556,3;555,4;564,9;570,4;569,8;
20. Pojišťovací společnosti a penzijní fondy - repo operce;120313,6;110567,2;115017,4;108757,5;110237,7;105300,8;103719,4;100668,5;97620,4;92972,9;93438,6;92270,5;85055,3;87755,2;91277,6;92164,7;90170,9;85134;89903,7;83726,6;81987,9;80497,4;82498,9;84224,8;82619,2;89238,2;81694,1;94746,4;98248,6;99753,7;98763,7;96352,3;95381,1;85918,8;87157,9;84076,9;86616,3;89807;91425,7;73442,3;71973,5;75221,5;75638,7;64406,9;64502,6;62767,7;53256,4;53567,7;57256,1;61828,4;65719,5;48915,7;57384,2;57771;42059,6;57749,9;66407,6;64173,4;65582,7;68307,5;79075,3;80653,2;78043,6;87250,6;92199,6;83218,6;52298,1;50413,6;57605,3;81745,2;77184,8;75967,2;66498,5;70221,5;67968,4;80415,6;104380,3;90762,2;73259,6;73600,2;52341;81834,2;69781,4;75254;90321;71965,5;90658,2;71876,5;79973;52073,2;79484,6;93959,3;96612,2;79910,5;83383,5;62726,7;50768,4;49816;69525,7;48390,6;76762,7;78803,1;53503,9;70722,9;50634,9;59527,3;65346,6;71829,6;47766,6;47918,4;48349,7;43463;31079,9;28147,2;14337,5;15986,6;11349,6;6821;6047,1;8497,7;14295,3;11665,9;15599,7;14999,3;16094,6;16107,7;15358,9;15917;16332,6;11254,1;4558,2;4324,3;6256,6;6759,1;7068,2;6336,7;10489,5;12189,2;20559,5;18627,5;15371,3;15249,6;15190,9;14859,6;14999,6;17930,4;18330,8;19528;18650,8;20107,2;711;1209;2000;3262;2183,9;1934,8;949,8;0;0;800;1000;0;5997,6;2000;9048,3;6698,4;3798,8;2049,2;2599,4;5300;3779,9;2866;2960;1288;893;1505,1;1688;1200;1900;5483,2;3298,9;4818,8;8094,3;1824,9;4937,1;5923,1;4059,1;6984;6359,8;4753,7;7195,7;9203;8590,1;9095,2;18913,3;16249,7;11220,4;10245,6;10229,8;9369;8756;9363;8103;13250;7870;8800;12100;16100;9500;5900;4100;5200;3600;2660;6700;9280,7;7410,2;10335,2;7806,3;8460,2;5939,1;3500;7295;6000;8418;9019,9;6880,5;2521;2324,5;4414,4;4035;2414;6124;3847,5;4559;7305,1;7728,2;5527,5;8373,1;10087,3;10378,4;12372,6;14303,2;14144,9;11098,9;12146,5;8491,9;8754,9;8659,8;10009,8;11450,8;8230,4;6526,2;7276,8;7364;5930,3;3920,8;3362,1;5580,2;8048,8;8086;9842;10043,8;16332,4;13438,8;15012,6;11867,9;8481,8;10546;8312,2;9991,5;7848,4;7286,5;7468,3;3946,1;4626,7;5556,7;4932,4;4050,1;4697,8;5049,8;12812,5;14280;11898,5;8291,3;8775,5;11677,5;8655,8;7901,4;12303,5;12505,6;8639,6;5558,2;9139,5;
21. Vládní instituce - celkem;1163888,2;1154606;1131536,3;1180328,5;1154419;1233540,3;1161789;1158980,3;1193210,3;1192728,7;1191409,7;1205326,7;1186268,6;1085079,6;1110743,7;1108293;1069785,6;1143739;1086379,8;1144508,1;1141738,2;1195407,2;1134533,9;1109695,5;1115800,6;1019544,6;1088750,5;1086725,8;982460,9;1010158,2;1007597,6;994747;1012851,9;1109073,3;1035742,5;1051546,2;1003124,4;890289;882278,6;950112;983669,5;965808,1;911218,3;980900,2;1033347,5;1017729;1000326,6;976793;984060,5;920245,9;843547,5;886137,6;872524,2;880379,8;865863,3;846224,3;859834,9;829232,1;962435,1;968080,3;925965,2;973622,9;1094361,2;972908,7;725435,5;746530;725513,8;800758,4;857221,5;875941,2;959061;975893,8;1006879,6;991913;966494,1;716670,1;555440,5;605693,6;594424,1;600438,1;597854,4;672495,4;642298,9;653856,5;714177;635500,5;616561,7;680571,1;611153,4;610355,2;562364,3;575313,3;643291,2;644387,7;635613,2;720166,8;678044,5;576693,3;613635,3;655998;629767,2;570896,7;535654,7;547886,1;601488,1;519862;693132,1;708791,7;671102,3;660298,8;647374;634138,8;537776;505976,2;420599,8;448875,6;496266,7;499468,1;497315;495725,8;482914,7;465997;454651,5;462199,7;438259,7;407088,2;348200,8;416189,2;425139,4;422765,3;450154,3;420221,8;409894,3;335170;335373,7;402985,5;391431,1;365590;353456;397597,7;443409,9;444097,6;455418,7;471901,1;482957,6;502748,2;501458;523886,4;525108,8;501824,6;461322,2;492188,5;497128,6;467683,9;492727,5;497867,9;482471,4;507140,8;547232,5;578251,1;562052,5;556800,2;499979,7;498098,8;537682,9;510960,2;480989,3;497202,4;472251,5;439777,4;444369,4;491879;465846,4;421548;380179;427053,7;416219,7;434485,3;414813,6;425860,8;414542,4;383588,3;392146,2;442700,8;439367,9;439437,3;409604,6;448640,4;494702,1;562241,9;487664,2;468135;432696,6;388044,7;384338;439271,6;417321,7;445519,3;415868,3;470593,9;546661,9;534838,1;529801;541024,6;555468,9;529022,3;477609,8;474720,2;477847,7;485638,1;472971,3;507136,4;516576,1;499470;511016,9;507267,7;500861,3;396392,9;387005,3;393977,6;391716;417392,4;395034,1;404459,2;401310,3;381562,8;359649,8;402396,4;364908,9;320935,3;338332,8;344163;338874,8;344227,3;319891,8;320196,3;329908,1;351593,4;339273,6;362685,3;356419,8;338534;326821,3;345027,3;333415,3;336091,2;340614,3;353594,5;381029,8;380100,9;363766,9;373144,4;354849,3;221788,4;225681,3;245489,5;198652,6;217628,4;221480,9;251568,3;264942,7;268361,6;276230,3;279377,8;263323,7;210800,7;227182,8;247625,2;223623,9;221437,6;200931,4;245743,4;256814,3;235955;237352,2;231514;228060,5;188170;222636,2;258565,4;245443,3;245783,6;250539,5;275462;294946;289580,7;274960,4;294830,8;296670,6;278789,9;155671;164415,5;160072,6;167791,6;
22. Ústřední vládní instituce;594386,7;621196,4;597251;648497,1;630347,1;719392,7;637681;628227,6;641951,6;648749,2;638377,3;629219,2;642732,4;553062;582991,2;573709,7;544335,9;653040,1;580409,4;622884,7;610066,9;657117,3;595497,3;552044,3;582268,7;492303,7;577929,6;589043,8;489848;554615,5;649619,8;515246,4;532101,9;615639,4;559773,8;565699,4;546133,7;447558,8;465602,9;516536,6;574762,4;591305,8;624314,2;583653,1;636146,4;611329,9;602368,5;567409,6;597862,8;537644,9;497056,2;525248,9;524414,3;547565,1;609818,4;493260,3;505124,8;458777,4;612660,2;608234,9;587160,1;640487,5;774706,4;636203,8;404524,2;449323,2;486175,9;488808,4;532953,9;541381,9;641795,1;651501,6;682489,2;678084,6;661205,7;393337,1;249638,7;310430,5;354164;296468,9;300046,1;363879,8;343680,6;345675,2;413471,4;347415,6;341361,1;393005,9;340919,7;346911,8;341841,4;311754,6;380930,3;369448,6;364324,8;437698,9;405175,1;309193,5;355654,8;386800,1;374964,1;323628,3;310120,5;300250,6;355536,5;259768,3;440907,2;452550,8;424925,6;423990,7;421856;402522,8;320616,3;287336,8;221275;210617,2;257924,8;251867,9;257090,3;249343,3;244464,1;236086,4;233449,8;234860,9;227244,2;211131,4;164351,1;216649,9;231552;219091,5;252777,6;225506,7;213604,8;143491,6;153673,4;214807;206296,2;193758,2;183542,4;211709,9;268141,8;255236,4;271694,2;284712,7;296019,2;318285,4;327152,5;342103,9;346321,2;337636,7;305822,1;324007,2;333974,3;299785,3;330118,9;328468,6;323390,6;347243,4;392999,8;413114;394600,4;405746,1;363292,1;345282,2;375937,6;354284,6;329102,5;339815,8;315012,3;289451,4;303766,8;339043,3;317744,7;281369,5;252471,9;280762,9;261444,6;269112,1;256053,2;260860;263737,1;231389,8;234464,4;292308;276506,5;285250,8;274209,7;287898,8;328015,3;383191,1;316074,3;290563,5;251733,8;221026;219037;260071,8;253752,7;280286;273236,7;304732,2;369725,1;364285,8;344137,5;350705,5;356967,5;326897,2;278159,7;287150,8;277841,2;295112,5;303346,2;314042,9;318965,9;301178,5;321181,3;314467,8;311486,1;220211,9;211044,5;212924,5;225515,7;257889,2;284205;248383,6;240883,7;236169,7;208464,5;249009,8;230167,1;189515,8;204294;224156,3;210301,2;218906,6;213523,2;203563,1;207129,4;239030,6;218606,9;236416,5;242758,5;225194;203508,5;237125,7;221892,2;223827,3;244551,3;244414,2;266721,3;276353,7;256184,1;260313,1;261412,5;128323,7;125716,4;160054;107589;130016,3;138751,9;155914,7;161957;177244,4;179358,5;176808,3;173088,6;120218,8;126493,3;152226,3;135136,2;136137,9;121909,5;155296,8;160277,6;136980,8;147817,2;138824,8;140567,7;102412,8;137250,6;167185;169722,5;167041,7;184160,9;201886,6;218794,9;218038,9;202156,8;221079,4;231648,7;213382,3;88978,9;104738;98323,3;105923,1;
23. Ostatní vládní instituce;569501,4;533409,6;534285,3;531831,4;524071,9;514147,6;524108;530752,7;551258,6;543979,6;553032,4;576107,6;543536,2;532017,6;527752,4;534583,3;525449,7;490698,9;505970,4;521623,3;531671,3;538289,9;539036,5;557651,2;533531,9;527240,9;510820,9;497682;492612,9;455542,7;357977,7;479500,6;480750,1;493433,9;475968,8;485846,8;456990,6;442730,2;416675,7;433575,4;408907,1;374502,2;286904,1;397247,1;397201;406399,1;397958,2;409383,4;386197,7;382600,9;346491,4;360888,7;348109,9;332814,6;256044,9;352963,9;354710,1;370454,7;349774,9;359845,4;338805,1;333135,4;319654,8;336704,8;320911,3;297206,8;239337,9;311950;324267,7;334559,3;317265,8;324392,2;324390,5;313828,3;305288,4;323333;305801,8;295263;240260,1;303969,2;297808,3;308615,6;298618,3;308181,3;300705,7;288084,9;275200,6;287565,2;270233,7;263443,4;220522,9;263558,7;262360,9;274939,1;271288,4;282467,9;272869,4;267499,8;257980,5;269197,9;254803,1;247268,5;225534,2;247635,5;245951,7;260093,7;252224,9;256240,8;246176,7;236308,1;225518;231616;217159,7;218639,4;199324,8;238258,3;238341,9;247600,2;240224,7;246382,5;238450,6;229910,5;221201,7;227338,7;211015,4;195956,8;183849,7;199539,3;193587,5;203673,8;197376,7;194715,1;196289,5;191678,4;181700,2;188178,5;185134,9;171831,8;169913,6;185887,8;175268,2;188861,2;183724,5;187188,4;186938,3;184462,8;174305,5;181782,5;178787,6;164187,9;155500,1;168181,3;163154,3;167898,6;162608,6;169399,3;159080,8;159897,3;154232,7;165137,1;167452;151054,2;136687,6;152816,6;161745,3;156675,6;151886,8;157386,7;157239,2;150326;140602,6;152835,7;148101,7;140178,5;127707,2;146290,8;154775,1;165373,2;158760,4;165000,8;150805,3;152198,5;157681,8;150392,8;162861,4;154186,4;135394,9;160741,6;166686,8;179050,8;171589,9;177571,5;180962,8;167018,7;165301;179199,8;163569;165233,3;142631,7;165861,6;176936,8;170552,3;185663,5;190319,1;198501,4;202125;199450,2;187569,4;200006,5;190525,6;169625,1;193093,5;197610,2;198291,6;189835,6;192799,9;189375,2;176181;175960,9;181053;166200,3;159503,2;110829,1;156075,7;160426,6;145393,1;151185,3;153386,6;134741,8;131419,5;134038,8;120006,7;128573,6;125320,7;106368,6;116633,1;122778,8;112562,8;120666,7;126268,8;113661,3;113339,9;123312,8;107901,6;111523,2;112263,9;96063;109180,3;114308,6;103747,2;107582,8;112831,3;93436,8;93464,8;99964,9;85435,5;91063,6;87612,2;82729;95653,7;102985,7;91117,2;96871,7;102569,5;90235,1;90581,8;100689,5;95398,9;88487,7;85299,6;79021,9;90446,6;96536,7;98974,2;89535;92689,3;87492,8;85757,2;85385,6;91380,5;75720,8;78741,8;66378,6;73575,4;76151;71541,8;72803,6;73751,4;65021,9;65407,7;66692,1;59677,5;61749,3;61868,6;
